State,1960,1961,1962,1963,1964,1965,1966,1967,1968,1969,1970,1971,1972,1973,1974,1975,1976,1977,1978,1979,1980,1981,1982,1983,1984,1985,1986,1987,1988,1989,1990,1991,1992,1993,1994,1995,1996,1997,1998,1999,2000,2001,2002,2003,2004,2005,2006,2007,2008,2009,2010,2011,2012,2013,2014,2015,2016,2017,2018,2019
Alabama,6097.0,5564.0,5283.0,6115.0,7260.0,6916.0,8098.0,8448.0,8288.0,8842.0,10185.0,10835.0,10994.0,12390.0,13338.0,14201.0,14248.0,15293.0,15682.0,15578.0,17320.0,18423.0,17653.0,16471.0,17204.0,18398.0,22616.0,22833.0,23052.0,24329.0,28630.0,34518.0,36052.0,32676.0,28844.0,26894.0,24159.0,24379.0,22286.0,21421.0,21620.0,19582.0,19931.0,19331.0,19324.0,19678.0,19553.0,20775.0,21110.0,21194.0,18363.0,20166.0,21693.0,20826.0,20727.0,22952.0,25886.0,25551.0,25399.0,25046.0
Alaska,236.0,208.0,225.0,272.0,375.0,377.0,409.0,437.0,486.0,624.0,840.0,1112.0,1204.0,1269.0,1527.0,1900.0,2063.0,1804.0,1781.0,1994.0,1919.0,2537.0,2732.0,2940.0,3108.0,3031.0,3046.0,2391.0,2682.0,2623.0,2885.0,3499.0,3877.0,4557.0,4644.0,4656.0,4417.0,4270.0,4015.0,3908.0,3554.0,3735.0,3627.0,3877.0,4159.0,4194.0,4610.0,4520.0,4475.0,4424.0,4537.0,4416.0,4412.0,4708.0,4684.0,5392.0,5966.0,6133.0,6526.0,6343.0
Arizona,2704.0,2288.0,2610.0,3027.0,3368.0,3092.0,3272.0,3892.0,4402.0,5742.0,6564.0,7407.0,8731.0,9877.0,12202.0,12184.0,10335.0,11347.0,12996.0,14528.0,17673.0,16082.0,14785.0,14642.0,15756.0,19202.0,21835.0,20742.0,21147.0,21320.0,23911.0,25152.0,25706.0,28142.0,28653.0,30095.0,27963.0,28411.0,26984.0,26334.0,27281.0,28675.0,30171.0,28638.0,28952.0,30478.0,33456.0,32835.0,31567.0,28128.0,26528.0,26789.0,28108.0,27599.0,26916.0,28012.0,32583.0,35644.0,34058.0,33141.0
Arkansas,1924.0,1809.0,1667.0,1991.0,2641.0,2662.0,3185.0,4320.0,4360.0,4390.0,4276.0,4680.0,4840.0,5905.0,6521.0,7369.0,6410.0,6924.0,7522.0,7984.0,7656.0,7119.0,7438.0,6930.0,7549.0,8199.0,9365.0,9839.0,10237.0,11397.0,12511.0,14072.0,13831.0,14381.0,14598.0,13741.0,13161.0,13293.0,12442.0,10848.0,11904.0,12190.0,11501.0,12449.0,13814.0,14670.0,15538.0,15226.0,14649.0,14905.0,14711.0,14173.0,13835.0,13621.0,14243.0,15526.0,16461.0,16671.0,16384.0,17643.0
California,37558.0,38154.0,39846.0,42419.0,48026.0,52490.0,57718.0,67446.0,81293.0,89878.0,94741.0,104872.0,110667.0,116563.0,127658.0,138842.0,144041.0,154582.0,165626.0,184087.0,210290.0,208485.0,201429.0,194491.0,195589.0,201763.0,248370.0,253943.0,261912.0,284136.0,311051.0,331122.0,345624.0,336381.0,318395.0,305154.0,274996.0,257582.0,229883.0,207879.0,210531.0,212867.0,208388.0,205551.0,189175.0,190178.0,194483.0,191561.0,185329.0,174934.0,164133.0,154943.0,160944.0,154129.0,153709.0,166883.0,174796.0,177627.0,176982.0,174331.0
Colorado,2408.0,2659.0,2990.0,2555.0,3119.0,3007.0,3340.0,3789.0,5387.0,6275.0,7874.0,8530.0,9555.0,10088.0,10728.0,11735.0,10770.0,13407.0,13296.0,14472.0,15215.0,15755.0,15354.0,14955.0,14548.0,15219.0,17105.0,15409.0,15548.0,15636.0,17328.0,18887.0,20086.0,20229.0,18632.0,16494.0,15463.0,14139.0,15008.0,13811.0,14367.0,15492.0,15882.0,15757.0,17121.0,18498.0,18794.0,17101.0,17480.0,17022.0,16339.0,16085.0,16023.0,16226.0,16554.0,17515.0,18983.0,20638.0,22624.0,21938.0
Connecticut,928.0,878.0,938.0,1192.0,1773.0,1973.0,2146.0,2804.0,3825.0,4415.0,5167.0,5968.0,6138.0,6421.0,7045.0,8308.0,8516.0,8774.0,9762.0,12902.0,12768.0,14033.0,12597.0,11767.0,12422.0,12758.0,13578.0,13455.0,14759.0,16576.0,18201.0,17761.0,16252.0,14949.0,14916.0,13293.0,13490.0,12781.0,11993.0,11342.0,11058.0,11492.0,10807.0,11045.0,10113.0,9542.0,10505.0,10547.0,10737.0,10588.0,10083.0,9889.0,10160.0,9440.0,8522.0,7845.0,8123.0,8180.0,7411.0,6546.0
Delaware,375.0,318.0,338.0,424.0,541.0,561.0,655.0,948.0,1288.0,1588.0,1795.0,2060.0,2181.0,2016.0,2539.0,2270.0,1872.0,2224.0,2569.0,3127.0,2824.0,3044.0,3370.0,2746.0,2671.0,2695.0,2703.0,2774.0,2981.0,3745.0,4365.0,4857.0,4280.0,4801.0,4549.0,5198.0,4845.0,5753.0,5672.0,5534.0,5363.0,4868.0,4836.0,5525.0,5105.0,5332.0,5983.0,6100.0,6187.0,5713.0,5608.0,5144.0,5020.0,4549.0,4576.0,4720.0,4844.0,4361.0,4097.0,4115.0
District of Columbia,4230.0,4491.0,4750.0,4740.0,5112.0,5804.0,7155.0,9252.0,12180.0,17038.0,16846.0,16084.0,12607.0,11626.0,11590.0,12704.0,10399.0,9843.0,9515.0,10553.0,12772.0,14468.0,13397.0,11933.0,10725.0,10171.0,9423.0,10016.0,11914.0,12937.0,14919.0,14671.0,16685.0,16888.0,15177.0,14744.0,13411.0,10708.0,8988.0,8448.0,8626.0,9195.0,9322.0,9061.0,7590.0,8032.0,8772.0,8325.0,8509.0,8089.0,8026.0,7433.0,7864.0,8406.0,8199.0,8531.0,8214.0,6974.0,6996.0,7403.0
Florida,11061.0,11376.0,10489.0,12150.0,16539.0,17386.0,20069.0,23399.0,27913.0,29411.0,33824.0,38575.0,40252.0,46419.0,54821.0,57540.0,54597.0,58052.0,65792.0,73881.0,94095.0,98109.0,93411.0,88292.0,95270.0,106971.0,121013.0,123168.0,138343.0,140575.0,160990.0,157243.0,162827.0,164975.0,160016.0,151711.0,151350.0,149996.0,140016.0,129044.0,129777.0,130713.0,128721.0,124280.0,123754.0,125957.0,129602.0,131878.0,126256.0,113541.0,101969.0,98198.0,94087.0,91986.0,107521.0,93626.0,88700.0,85625.0,81980.0,81270.0
Georgia,6262.0,6269.0,6200.0,7019.0,8285.0,8777.0,9066.0,8536.0,9903.0,11235.0,13976.0,15898.0,17823.0,19738.0,21587.0,22608.0,21030.0,22203.0,24545.0,28594.0,29993.0,30527.0,26963.0,26179.0,27935.0,30311.0,35869.0,35868.0,42589.0,47357.0,48996.0,48894.0,49496.0,50019.0,47103.0,47317.0,46966.0,45408.0,43762.0,41585.0,41319.0,41671.0,39271.0,39435.0,40217.0,40725.0,44754.0,46917.0,47353.0,42073.0,39068.0,36762.0,37591.0,36541.0,38097.0,38643.0,40990.0,37258.0,34355.0,36170.0
Hawaii,138.0,161.0,256.0,215.0,575.0,491.0,598.0,591.0,662.0,684.0,938.0,1830.0,1258.0,1295.0,1762.0,1889.0,2034.0,2012.0,2423.0,2651.0,2889.0,2424.0,2542.0,2579.0,2409.0,2313.0,2604.0,2851.0,2810.0,3004.0,3113.0,2744.0,2998.0,3061.0,3091.0,3509.0,3322.0,3299.0,2946.0,2785.0,2954.0,3117.0,3262.0,3400.0,3213.0,3253.0,3608.0,3544.0,3510.0,3550.0,3603.0,3465.0,3330.0,3533.0,3680.0,4201.0,4417.0,3577.0,3532.0,4042.0
Idaho,255.0,222.0,234.0,362.0,537.0,493.0,461.0,478.0,518.0,806.0,879.0,917.0,1085.0,1264.0,1465.0,1670.0,1884.0,2030.0,2076.0,2613.0,2957.0,2717.0,2501.0,2361.0,2355.0,2360.0,2232.0,2138.0,2345.0,2582.0,2776.0,3016.0,3003.0,3097.0,3238.0,3745.0,3177.0,3107.0,3468.0,3066.0,3267.0,3211.0,3419.0,3362.0,3452.0,3670.0,3666.0,3841.0,3680.0,3805.0,3464.0,3202.0,3318.0,3498.0,3468.0,3568.0,3876.0,3888.0,3983.0,4000.0
Illinois,36802.0,37156.0,38926.0,33627.0,36916.0,34345.0,39116.0,42956.0,44776.0,49543.0,52006.0,53436.0,57162.0,62457.0,69806.0,74699.0,70266.0,70910.0,76084.0,83540.0,91753.0,90781.0,88644.0,83629.0,83441.0,82448.0,93454.0,92216.0,93557.0,98611.0,110575.0,119955.0,113664.0,112260.0,112928.0,117836.0,105482.0,102476.0,97291.0,83621.0,81196.0,79270.0,75759.0,70376.0,69365.0,70496.0,69498.0,68528.0,67780.0,64185.0,57132.0,54523.0,53403.0,48974.0,47663.0,49354.0,55854.0,56180.0,51490.0,51561.0
Indiana,3945.0,4044.0,4191.0,4819.0,6564.0,6695.0,7196.0,8143.0,10229.0,10141.0,12184.0,13031.0,12968.0,13696.0,15631.0,17677.0,16721.0,16553.0,17383.0,18254.0,20633.0,18672.0,16444.0,15547.0,16781.0,17014.0,16937.0,18169.0,21187.0,22735.0,26275.0,28349.0,28791.0,27941.0,30205.0,30451.0,31366.0,30179.0,25423.0,22261.0,21230.0,22734.0,22001.0,21842.0,20294.0,20302.0,20303.0,21310.0,21525.0,21455.0,20983.0,21619.0,22602.0,23487.0,24099.0,25653.0,26845.0,26598.0,25581.0,24966.0
Iowa,656.0,643.0,559.0,629.0,1007.0,1067.0,1214.0,1608.0,1882.0,1918.0,2241.0,2822.0,2519.0,2970.0,3455.0,4039.0,3813.0,4145.0,4674.0,5259.0,5826.0,5915.0,5018.0,5262.0,5781.0,6106.0,6703.0,6553.0,7279.0,7563.0,8321.0,8477.0,7816.0,9159.0,8914.0,10071.0,7771.0,8841.0,8916.0,8034.0,7796.0,7865.0,8388.0,8175.0,8499.0,8697.0,8521.0,8970.0,8651.0,8485.0,8191.0,7883.0,8112.0,8388.0,8497.0,8936.0,9110.0,9230.0,7893.0,8410.0
Kansas,1272.0,1282.0,1477.0,1831.0,2573.0,2392.0,2517.0,3248.0,3463.0,3873.0,4561.0,4843.0,4737.0,4956.0,6272.0,6307.0,6529.0,7206.0,7471.0,8376.0,9168.0,8796.0,8088.0,7919.0,8147.0,8716.0,9076.0,8932.0,9083.0,10073.0,11093.0,12465.0,12888.0,12564.0,11314.0,10792.0,10642.0,11151.0,10972.0,10159.0,10470.0,10909.0,10229.0,10831.0,10330.0,10701.0,11960.0,12730.0,11554.0,11460.0,10602.0,10209.0,10232.0,9838.0,10123.0,11353.0,11060.0,12030.0,12782.0,11968.0
Kentucky,2957.0,2907.0,2963.0,2849.0,3486.0,3463.0,4191.0,4484.0,5317.0,5745.0,7157.0,7717.0,7446.0,7356.0,7857.0,8967.0,8987.0,8077.0,7807.0,8748.0,9711.0,10599.0,11550.0,11967.0,10342.0,11384.0,12467.0,12589.0,12284.0,13302.0,14386.0,16262.0,20107.0,17530.0,16991.0,14079.0,12448.0,12386.0,12909.0,12212.0,11903.0,10510.0,11101.0,10232.0,10152.0,11134.0,11361.0,12329.0,12690.0,11000.0,10604.0,10465.0,9752.0,9222.0,9340.0,9676.0,10308.0,10056.0,9467.0,9701.0
Louisiana,4990.0,4508.0,4570.0,5798.0,7140.0,7178.0,8689.0,10071.0,11742.0,13492.0,15063.0,15208.0,15712.0,16020.0,17794.0,18137.0,18161.0,20577.0,23197.0,27229.0,27926.0,27478.0,29185.0,28444.0,30251.0,31108.0,34128.0,30916.0,31711.0,34257.0,37914.0,40438.0,42209.0,45600.0,42369.0,43741.0,40426.0,37248.0,34057.0,32033.0,30440.0,30678.0,29690.0,28622.0,28844.0,26889.0,30923.0,31789.0,29613.0,28878.0,25241.0,25373.0,22868.0,23984.0,23934.0,25208.0,26502.0,26092.0,25049.0,25537.0
Maine,289.0,334.0,277.0,306.0,506.0,437.0,486.0,621.0,633.0,733.0,887.0,903.0,1143.0,1258.0,1440.0,2324.0,2354.0,2438.0,2266.0,2221.0,2173.0,2214.0,1847.0,1829.0,1832.0,1950.0,1726.0,1806.0,1898.0,1676.0,1759.0,1631.0,1616.0,1558.0,1611.0,1631.0,1553.0,1500.0,1566.0,1404.0,1397.0,1435.0,1396.0,1422.0,1364.0,1483.0,1533.0,1565.0,1572.0,1580.0,1621.0,1638.0,1631.0,1718.0,1700.0,1729.0,1648.0,1617.0,1501.0,1548.0
Maryland,4691.0,4959.0,4915.0,5283.0,7446.0,10032.0,11236.0,17458.0,23405.0,24295.0,24512.0,24857.0,26412.0,26093.0,29439.0,29087.0,26249.0,28716.0,30328.0,33007.0,35735.0,37800.0,36254.0,34736.0,34455.0,36655.0,37177.0,34820.0,37466.0,40152.0,43940.0,46469.0,49085.0,49540.0,47457.0,49757.0,47230.0,43127.0,40903.0,38447.0,41663.0,42088.0,42015.0,38778.0,38961.0,39369.0,38111.0,36063.0,35393.0,33625.0,31607.0,28817.0,28055.0,28089.0,26661.0,27462.0,28400.0,30273.0,28320.0,27456.0
Massachusetts,2512.0,2777.0,3207.0,3454.0,4559.0,5270.0,6201.0,6919.0,8916.0,10272.0,11542.0,15317.0,17086.0,20475.0,22545.0,25793.0,23190.0,24593.0,26673.0,30650.0,34444.0,36273.0,33031.0,33264.0,30362.0,31334.0,32476.0,33060.0,36376.0,39912.0,44300.0,44138.0,46727.0,48393.0,42749.0,41739.0,39122.0,39411.0,38192.0,34023.0,30230.0,30585.0,31137.0,30377.0,29489.0,29644.0,32217.0,28487.0,30137.0,30503.0,30737.0,28232.0,26953.0,27667.0,26399.0,26562.0,25677.0,24560.0,23337.0,22578.0
Michigan,17034.0,16499.0,18106.0,18478.0,21153.0,24459.0,27806.0,33390.0,37292.0,44048.0,51090.0,51697.0,50425.0,52921.0,59993.0,62792.0,58814.0,53381.0,53040.0,56558.0,59014.0,59058.0,59806.0,64993.0,68979.0,66714.0,73517.0,71772.0,68980.0,65760.0,73468.0,75232.0,72672.0,75021.0,72751.0,65680.0,60951.0,57663.0,60947.0,56709.0,55159.0,55424.0,54306.0,51550.0,49737.0,55936.0,56981.0,53765.0,51512.0,49825.0,48693.0,43731.0,44922.0,44523.0,42348.0,41231.0,45572.0,44826.0,44918.0,43686.0
Minnesota,1435.0,1505.0,1674.0,1983.0,2601.0,3074.0,3691.0,4727.0,5111.0,5253.0,5782.0,5993.0,6798.0,6926.0,8119.0,8125.0,7492.0,7705.0,7601.0,8973.0,9250.0,9344.0,9062.0,7909.0,8802.0,10751.0,11991.0,12118.0,12490.0,12549.0,13392.0,14006.0,15144.0,15986.0,16397.0,16416.0,15782.0,15827.0,14656.0,13085.0,13813.0,13145.0,13428.0,13316.0,13751.0,15243.0,16042.0,15054.0,13853.0,12874.0,12515.0,12323.0,12419.0,12705.0,12505.0,13319.0,13394.0,13291.0,12369.0,13332.0
Mississippi,2236.0,2274.0,2079.0,1779.0,4118.0,3949.0,3504.0,2672.0,3397.0,3354.0,3974.0,6151.0,7076.0,7734.0,7782.0,7411.0,6954.0,6896.0,7721.0,7786.0,8588.0,7706.0,7515.0,7255.0,7326.0,7079.0,7196.0,7081.0,8544.0,8156.0,8758.0,10085.0,10763.0,11467.0,13177.0,13560.0,13261.0,12808.0,11302.0,9671.0,10267.0,10006.0,9858.0,9336.0,8568.0,8131.0,9076.0,8502.0,8942.0,8451.0,7999.0,8009.0,7786.0,8214.0,8338.0,8254.0,8383.0,8526.0,6999.0,8272.0
Missouri,7468.0,7266.0,8059.0,8629.0,9553.0,10588.0,11149.0,12746.0,15216.0,18260.0,18986.0,18357.0,18223.0,19441.0,21612.0,23521.0,21470.0,22105.0,22738.0,25662.0,27177.0,26675.0,25078.0,23718.0,23071.0,25321.0,29310.0,27792.0,28393.0,32634.0,36602.0,39358.0,38448.0,38963.0,39240.0,35339.0,31669.0,31192.0,30222.0,27353.0,27419.0,30472.0,30557.0,28067.0,28226.0,30477.0,31897.0,32962.0,29701.0,29513.0,27440.0,26888.0,27155.0,26197.0,26856.0,30261.0,31644.0,32420.0,30758.0,30380.0
Montana,453.0,457.0,390.0,414.0,564.0,514.0,507.0,588.0,610.0,682.0,774.0,971.0,1079.0,1207.0,1194.0,1418.0,1358.0,1659.0,1865.0,1762.0,1740.0,2004.0,1801.0,1737.0,1958.0,1722.0,1289.0,1223.0,989.0,935.0,1273.0,1130.0,1400.0,1489.0,1516.0,1491.0,1415.0,1161.0,1797.0,2090.0,2807.0,3187.0,3197.0,3351.0,2723.0,2634.0,3564.0,3638.0,3013.0,2798.0,2733.0,2755.0,2736.0,2567.0,3313.0,3611.0,3840.0,3961.0,3974.0,4328.0
Nebraska,590.0,586.0,637.0,591.0,776.0,852.0,941.0,1624.0,2103.0,2302.0,2731.0,2355.0,2638.0,2859.0,3697.0,3986.0,3269.0,3113.0,2982.0,3556.0,3512.0,2861.0,3641.0,3477.0,3627.0,3821.0,4196.0,4004.0,4374.0,4503.0,5209.0,5330.0,5598.0,6071.0,6322.0,6253.0,7182.0,7265.0,7507.0,7167.0,5606.0,5214.0,5428.0,5105.0,5393.0,5052.0,5197.0,5524.0,5570.0,5199.0,5093.0,4672.0,4814.0,4897.0,5275.0,5212.0,5550.0,5873.0,5494.0,5821.0
Nevada,416.0,549.0,711.0,755.0,983.0,953.0,987.0,1100.0,1261.0,1642.0,1948.0,1887.0,2264.0,3135.0,3910.0,4018.0,4215.0,4703.0,5153.0,5866.0,7304.0,7575.0,7096.0,5838.0,5726.0,6244.0,6923.0,7006.0,8275.0,6947.0,7222.0,8693.0,9247.0,12157.0,14597.0,14461.0,13005.0,13395.0,11244.0,10311.0,10474.0,12359.0,13856.0,13813.0,14379.0,14654.0,18687.0,19365.0,18973.0,18639.0,17929.0,15452.0,16763.0,16824.0,18045.0,20118.0,19936.0,16667.0,16420.0,15210.0
New Hampshire,81.0,89.0,178.0,164.0,149.0,156.0,259.0,218.0,279.0,325.0,413.0,580.0,491.0,649.0,739.0,816.0,709.0,960.0,1035.0,1241.0,1653.0,1375.0,1187.0,1200.0,1308.0,1405.0,1433.0,1581.0,1622.0,1865.0,1459.0,1318.0,1397.0,1550.0,1328.0,1314.0,1373.0,1328.0,1270.0,1159.0,2167.0,2144.0,2056.0,1937.0,2202.0,1761.0,1785.0,1896.0,2054.0,2125.0,2204.0,2864.0,2481.0,2849.0,2602.0,2652.0,2637.0,2668.0,2349.0,2074.0
New Jersey,6932.0,6682.0,7874.0,8849.0,10456.0,10422.0,11168.0,13204.0,16711.0,17226.0,20583.0,26441.0,27577.0,28845.0,29568.0,30215.0,29107.0,28732.0,31027.0,36747.0,44373.0,46674.0,45175.0,41304.0,39659.0,41172.0,43623.0,41507.0,44993.0,47111.0,50057.0,49257.0,48745.0,49390.0,48544.0,47652.0,42459.0,39673.0,35720.0,33540.0,32298.0,33094.0,32252.0,31488.0,30943.0,30919.0,30550.0,28544.0,28351.0,27113.0,27055.0,27203.0,25727.0,25674.0,23346.0,22879.0,21914.0,20604.0,18537.0,18375.0
New Mexico,1360.0,1278.0,1338.0,1376.0,1613.0,2047.0,2221.0,2325.0,2543.0,2881.0,3093.0,3994.0,4598.0,5219.0,5053.0,6134.0,6475.0,5961.0,6402.0,7272.0,7967.0,8913.0,9982.0,9608.0,9798.0,10207.0,10731.0,9427.0,9938.0,10755.0,11821.0,12922.0,14781.0,15024.0,14708.0,13804.0,14399.0,14762.0,16700.0,14520.0,13786.0,14288.0,13719.0,12535.0,13081.0,12448.0,12797.0,13311.0,12967.0,12709.0,12147.0,11904.0,11660.0,12782.0,12459.0,13681.0,14619.0,16359.0,17949.0,17450.0
New York,,,,,,58802.0,62561.0,75124.0,98515.0,105870.0,124613.0,145048.0,138542.0,135468.0,145427.0,155187.0,156988.0,149087.0,149257.0,161906.0,180235.0,188178.0,174833.0,161489.0,162157.0,165365.0,175210.0,179691.0,196396.0,203042.0,212458.0,210184.0,203311.0,195352.0,175433.0,152683.0,132206.0,124890.0,115915.0,107147.0,105111.0,98022.0,95030.0,89486.0,84914.0,85839.0,84016.0,79962.0,77546.0,75110.0,76492.0,77463.0,79610.0,77372.0,75398.0,75165.0,74285.0,70799.0,68495.0,69764.0
North Carolina,10182.0,9275.0,9533.0,10038.0,12345.0,12755.0,14775.0,15995.0,18025.0,18117.0,18814.0,19952.0,22087.0,23086.0,26220.0,23791.0,22061.0,22492.0,23054.0,25009.0,26589.0,25986.0,26865.0,24911.0,24885.0,26327.0,30128.0,31039.0,32753.0,35902.0,41332.0,44355.0,46600.0,47178.0,46308.0,46508.0,43068.0,45071.0,43723.0,41474.0,40051.0,40465.0,39118.0,38243.0,38244.0,40650.0,42088.0,42231.0,43125.0,37946.0,34679.0,33421.0,34464.0,33700.0,32767.0,34852.0,37769.0,37364.0,39210.0,38995.0
North Dakota,90.0,160.0,128.0,182.0,229.0,223.0,231.0,185.0,173.0,220.0,211.0,238.0,290.0,389.0,319.0,337.0,462.0,438.0,437.0,403.0,352.0,444.0,414.0,365.0,368.0,322.0,348.0,382.0,392.0,417.0,472.0,415.0,530.0,522.0,522.0,556.0,541.0,559.0,570.0,424.0,523.0,505.0,496.0,508.0,558.0,706.0,1255.0,1343.0,1441.0,1723.0,1548.0,1699.0,1712.0,1954.0,1960.0,1812.0,1903.0,2125.0,2133.0,2169.0
Ohio,8120.0,7986.0,8366.0,9086.0,11582.0,12788.0,15626.0,19344.0,21228.0,26648.0,30279.0,32159.0,32286.0,31304.0,39094.0,43901.0,41553.0,43521.0,44357.0,49092.0,53646.0,53509.0,47126.0,42759.0,41430.0,41000.0,45260.0,45436.0,49144.0,51109.0,54904.0,61460.0,57935.0,55915.0,53930.0,53799.0,47896.0,48706.0,40628.0,35616.0,37935.0,40023.0,40128.0,38185.0,38787.0,40162.0,41491.0,40759.0,40436.0,38305.0,36306.0,35218.0,34595.0,33121.0,33030.0,33898.0,34877.0,34683.0,32723.0,34269.0
Oklahoma,2258.0,2437.0,2478.0,2808.0,3609.0,3339.0,3552.0,3703.0,4473.0,4775.0,5194.0,6719.0,6289.0,6556.0,7588.0,8225.0,7926.0,8899.0,10165.0,11719.0,12589.0,13223.0,14103.0,13964.0,13438.0,13930.0,14423.0,13664.0,14179.0,15847.0,17222.0,18533.0,20005.0,20512.0,21225.0,21770.0,19710.0,18560.0,18053.0,17066.0,17177.0,17726.0,17587.0,17758.0,17635.0,18044.0,17905.0,18234.0,19359.0,18560.0,18100.0,17311.0,17902.0,16989.0,15744.0,16506.0,17648.0,17934.0,18380.0,17086.0
Oregon,1232.0,1242.0,1461.0,1393.0,2009.0,2290.0,2470.0,3147.0,3955.0,4527.0,5373.0,6335.0,6494.0,6512.0,8326.0,10034.0,10654.0,10830.0,12278.0,13781.0,12802.0,12671.0,12529.0,12986.0,13533.0,14807.0,14830.0,14697.0,14959.0,14625.0,14405.0,14795.0,15189.0,15254.0,16067.0,16408.0,14837.0,14412.0,13778.0,12432.0,12000.0,10650.0,10298.0,10506.0,10724.0,10444.0,10534.0,11015.0,9909.0,9968.0,9648.0,9643.0,9653.0,9984.0,9224.0,10468.0,10830.0,11674.0,11966.0,11995.0
Pennsylvania,11203.0,11223.0,11856.0,12678.0,14162.0,16384.0,15169.0,16119.0,20710.0,22887.0,25970.0,31917.0,33052.0,32397.0,37281.0,38933.0,34985.0,33328.0,35381.0,39133.0,43032.0,44104.0,42767.0,40782.0,38154.0,39240.0,42629.0,44087.0,43534.0,45586.0,51213.0,53824.0,51276.0,50295.0,51425.0,51586.0,57905.0,53140.0,50470.0,50431.0,51584.0,50432.0,49578.0,49210.0,50998.0,52761.0,55028.0,51806.0,51044.0,48188.0,46612.0,46189.0,44503.0,42849.0,40164.0,40339.0,40447.0,40120.0,39192.0,39228.0
Rhode Island,316.0,372.0,402.0,500.0,578.0,722.0,849.0,1156.0,1254.0,1594.0,1944.0,2129.0,2424.0,2749.0,2651.0,2802.0,2779.0,2820.0,3255.0,3485.0,3864.0,4205.0,3849.0,3392.0,3220.0,3355.0,3271.0,3547.0,3947.0,3772.0,4334.0,4638.0,3965.0,4017.0,3744.0,3643.0,3437.0,3292.0,3084.0,2840.0,3121.0,3278.0,3051.0,3074.0,2673.0,2710.0,2460.0,2424.0,2656.0,2678.0,2709.0,2586.0,2651.0,2705.0,2313.0,2562.0,2524.0,2460.0,2317.0,2342.0
South Carolina,3424.0,3318.0,3012.0,4075.0,4240.0,4504.0,5844.0,6015.0,5853.0,6449.0,7412.0,8188.0,10312.0,10757.0,12688.0,14412.0,17065.0,18297.0,18604.0,19889.0,20225.0,20275.0,23061.0,20133.0,20607.0,21121.0,22789.0,22773.0,25889.0,28576.0,34050.0,34621.0,34029.0,37281.0,37756.0,36067.0,36875.0,37235.0,34647.0,32920.0,33225.0,33114.0,33761.0,33455.0,33160.0,32590.0,33322.0,34630.0,32746.0,30799.0,27923.0,27894.0,26397.0,24278.0,24052.0,24700.0,24896.0,25432.0,24825.0,26323.0
South Dakota,282.0,245.0,279.0,278.0,408.0,415.0,568.0,586.0,563.0,510.0,616.0,644.0,756.0,869.0,1234.0,1402.0,1277.0,1303.0,1128.0,1096.0,873.0,718.0,684.0,840.0,1041.0,967.0,883.0,849.0,813.0,969.0,1133.0,1281.0,1383.0,1490.0,1641.0,1513.0,1297.0,1457.0,1139.0,1227.0,1259.0,1171.0,1350.0,1329.0,1319.0,1387.0,2071.0,1926.0,2227.0,1777.0,2196.0,2105.0,2682.0,2674.0,2786.0,3289.0,3621.0,3771.0,3570.0,3530.0
Tennessee,3250.0,3910.0,3767.0,3777.0,4505.0,5333.0,6145.0,8111.0,8766.0,9235.0,10787.0,12520.0,12858.0,14771.0,15969.0,16627.0,16574.0,16743.0,16671.0,18135.0,20824.0,19019.0,19586.0,18836.0,21010.0,22592.0,25919.0,25900.0,26205.0,27118.0,32698.0,35955.0,37487.0,39047.0,38705.0,40549.0,41175.0,42389.0,38832.0,38111.0,40233.0,42776.0,41562.0,40409.0,41113.0,45104.0,46043.0,46482.0,44913.0,41933.0,38909.0,38895.0,41550.0,38364.0,39848.0,40400.0,42097.0,43755.0,42226.0,40647.0
Texas,15428.0,15441.0,15516.0,17511.0,19769.0,21029.0,24382.0,26749.0,29646.0,36707.0,40897.0,43089.0,41285.0,45458.0,47008.0,47803.0,44422.0,52309.0,56650.0,67988.0,77978.0,78560.0,88178.0,80546.0,80737.0,90030.0,109925.0,105961.0,109499.0,111889.0,129343.0,145743.0,142369.0,137419.0,129838.0,124303.0,123270.0,117126.0,111566.0,112306.0,113653.0,122155.0,126018.0,122246.0,121554.0,121091.0,121602.0,122014.0,123585.0,121684.0,113231.0,104734.0,106476.0,107998.0,109414.0,113227.0,121042.0,124238.0,117927.0,121474.0
United States,288460.0,289390.0,301510.0,316970.0,364220.0,387390.0,430180.0,499930.0,595010.0,661870.0,738820.0,816500.0,834900.0,875910.0,974720.0,1039710.0,1004210.0,1029580.0,1085550.0,1208030.0,1344520.0,1361820.0,1322390.0,1258087.0,1273282.0,1327767.0,1489169.0,1483999.0,1566221.0,1646037.0,1820127.0,1911767.0,1932274.0,1926017.0,1857670.0,1798792.0,1688540.0,1636096.0,1533887.0,1426044.0,1425486.0,1439480.0,1423677.0,1383676.0,1360088.0,1390745.0,1435123.0,1422970.0,1394461.0,1325896.0,1251248.0,1206031.0,1214464.0,1191988.0,1197987.0,1231566.0,1283058.0,1283220.0,1245065.0,1245410.0
Utah,484.0,451.0,554.0,598.0,888.0,886.0,1148.0,1194.0,1201.0,1460.0,1459.0,1689.0,2063.0,2412.0,2517.0,2795.0,2709.0,3043.0,3552.0,4158.0,4425.0,4527.0,4440.0,4144.0,4035.0,4398.0,4441.0,3861.0,4110.0,4417.0,4892.0,5077.0,5267.0,5599.0,5810.0,6415.0,6638.0,6878.0,6599.0,5869.0,5711.0,5314.0,5488.0,5889.0,5647.0,5612.0,5771.0,6347.0,6165.0,5998.0,5925.0,5547.0,5876.0,6498.0,6346.0,7071.0,7407.0,7410.0,7368.0,7553.0
Vermont,37.0,79.0,57.0,92.0,89.0,89.0,80.0,86.0,157.0,234.0,329.0,333.0,445.0,327.0,353.0,448.0,563.0,722.0,810.0,908.0,914.0,659.0,655.0,696.0,769.0,790.0,807.0,748.0,791.0,753.0,716.0,662.0,624.0,658.0,562.0,692.0,714.0,705.0,628.0,676.0,691.0,644.0,658.0,707.0,713.0,782.0,905.0,802.0,854.0,837.0,820.0,925.0,893.0,759.0,622.0,739.0,989.0,1034.0,1077.0,1262.0
Virginia,7286.0,7555.0,7720.0,8259.0,10561.0,10145.0,10399.0,10328.0,12821.0,12433.0,14040.0,15384.0,16483.0,16007.0,17514.0,18917.0,15485.0,14893.0,14743.0,15642.0,16355.0,17456.0,16970.0,16236.0,16660.0,16813.0,17708.0,17414.0,17940.0,19057.0,21694.0,23459.0,23907.0,24160.0,23437.0,23921.0,22782.0,23249.0,22115.0,21626.0,19943.0,20939.0,21256.0,20490.0,20608.0,21434.0,21683.0,21035.0,20031.0,18195.0,17184.0,16014.0,15564.0,16205.0,16340.0,16399.0,18302.0,17632.0,17032.0,17753.0
Washington,1616.0,1687.0,1913.0,2034.0,2761.0,3081.0,3673.0,4754.0,6970.0,8243.0,7546.0,8155.0,8627.0,9309.0,12036.0,13851.0,14036.0,13714.0,15296.0,17064.0,19098.0,18839.0,17251.0,15986.0,17676.0,18757.0,19505.0,19945.0,21543.0,22460.0,24410.0,26224.0,27454.0,27040.0,27317.0,26300.0,23857.0,24724.0,24380.0,21716.0,21788.0,21258.0,20964.0,21272.0,21330.0,21745.0,22303.0,21768.0,21888.0,22412.0,21138.0,20152.0,20386.0,20153.0,20136.0,20394.0,22023.0,22548.0,23472.0,22377.0
West Virginia,1200.0,1167.0,1146.0,1185.0,1359.0,1413.0,1613.0,1744.0,1959.0,1766.0,2158.0,2311.0,2299.0,2219.0,2460.0,2915.0,2761.0,2832.0,3120.0,3156.0,3547.0,3410.0,3405.0,3375.0,3283.0,3214.0,3156.0,2605.0,2476.0,2724.0,3036.0,3440.0,3833.0,3793.0,3931.0,3842.0,3836.0,3971.0,4503.0,6336.0,5723.0,5035.0,4221.0,4627.0,5110.0,4968.0,5113.0,5016.0,5006.0,5554.0,5586.0,5497.0,5869.0,5568.0,5588.0,6231.0,6557.0,6368.0,5236.0,5674.0
Wisconsin,1261.0,1268.0,1174.0,1312.0,1762.0,1911.0,1984.0,2948.0,3400.0,3411.0,3792.0,3957.0,4358.0,5273.0,6411.0,6992.0,6345.0,6117.0,6184.0,7839.0,8546.0,8904.0,9077.0,9070.0,9367.0,9880.0,12339.0,12014.0,10414.0,10834.0,12948.0,13723.0,13806.0,13321.0,13748.0,14399.0,13039.0,13988.0,13009.0,12908.0,12700.0,12486.0,12238.0,12104.0,11548.0,13367.0,15899.0,16330.0,15507.0,14650.0,14167.0,14268.0,16064.0,15961.0,16714.0,17647.0,17679.0,18539.0,17176.0,17070.0
Wyoming,362.0,288.0,156.0,213.0,285.0,257.0,273.0,294.0,278.0,286.0,376.0,532.0,511.0,763.0,519.0,764.0,851.0,978.0,1189.0,1579.0,1841.0,2116.0,1527.0,1219.0,1237.0,1307.0,1486.0,1387.0,1479.0,1227.0,1367.0,1427.0,1489.0,1345.0,1297.0,1220.0,1201.0,1225.0,1191.0,1115.0,1316.0,1272.0,1364.0,1314.0,1163.0,1172.0,1307.0,1344.0,1330.0,1196.0,1117.0,1245.0,1161.0,1195.0,1142.0,1302.0,1430.0,1376.0,1226.0,1258.0
