Var2,Var3,Var4,Var5,Var6,Var7,Var8,Var9,Var10,Var11,Var12,Var13,Var14,Var15,Var16,Var17,Var18,Var19,Var20,Var21,Var22,Var23,Var24,Var25,Var26,Var27
"Country Name",1997,1998,1999,2000,2001,2002,2003,2004,2005,2006,2007,2008,2009,2010,2011,2012,2013,2014,2015,2016,2017,2018,2019,2020,2021
"Africa Eastern and Southern",11.8282402528978,12.7849096148808,12.5151515151515,14.8003602521765,15.4269972451791,16.657824933687,16.674733785092,17.3832923832924,19.3059433585959,19.7725458898643,20.2263083451202,21.4442013129103,22.3808605054987,22.6422447388932,25.2462121212121,25.0222776688647,25.9150552486188,25.7469077069458,28.1497100685293,28.9891696750903,28.7059226292366,28.7715701349735,29.2745638200184,30.1284472988289,30.4747883695252
"Afghanistan",NaN,NaN,NaN,NaN,NaN,NaN,NaN,NaN,27.3092369477912,27.3092369477912,27.6859504132231,27.6859504132231,27.3092369477912,27.710843373494,27.710843373494,27.710843373494,27.710843373494,27.710843373494,27.710843373494,27.710843373494,27.710843373494,NaN,27.8688524590164,27.0161290322581,27.0161290322581
"Africa Western and Central",NaN,NaN,NaN,6.81514476614699,7.39587388088751,7.94306703397613,8.95696006203955,10.0685673042223,10.7078692058929,11.1844390413338,12.3098201936376,11.2031700288185,11.143166245943,11.203007518797,11.8590861527729,13.6432350718065,14.7058823529412,15.6141568355309,15.0849150849151,14.84375,15.2791068580542,15.3184713375796,15.398773006135,16.3452708907254,17.824377457405
"Angola",9.54545454545455,15.4545454545455,15.4545454545455,15.4545454545455,15.4545454545455,15.4545454545455,15.4545454545455,15,15,15,15,37.2727272727273,38.6363636363636,38.6363636363636,38.1818181818182,34.0909090909091,34.0909090909091,36.8181818181818,36.8181818181818,36.8181818181818,30.4545454545455,30.4545454545455,30,30,29.5454545454545
"Albania",NaN,NaN,5.16129032258065,5.16129032258065,5.71428571428571,5.71428571428571,5.71428571428571,6.42857142857143,7.14285714285714,7.14285714285714,7.14285714285714,7.14285714285714,16.4285714285714,16.4285714285714,15.7142857142857,15.7142857142857,17.8571428571429,20,20.7142857142857,22.8571428571429,27.8571428571429,27.8571428571429,29.5081967213115,29.5081967213115,35.7142857142857
"Andorra",7.14285714285714,7.14285714285714,7.14285714285714,7.14285714285714,14.2857142857143,14.2857142857143,14.2857142857143,14.2857142857143,28.5714285714286,28.5714285714286,28.5714285714286,25,35.7142857142857,35.7142857142857,50,50,50,50,39.2857142857143,32.1428571428571,32.1428571428571,32.1428571428571,46.4285714285714,46.4285714285714,46.4285714285714
"Arab World",3.74716124148373,3.45744680851064,3.61677568295498,3.77068103116583,4.62126476719944,6.13093176307586,6.04810996563574,6.69304319155952,7.03676649622596,9.34959349593497,9.7537652402582,9.80157781496534,9.90230905861456,11.919671777154,11.3285024154589,14.87204249155,17.3693086003373,17.7934018388318,18.7798408488064,19.2756139915654,18.8840212128199,19.060773480663,17.5665399239544,19.5469585136167,18.2245430809399
"United Arab Emirates",0,0,0,0,0,0,0,0,0,5,22.5,22.5,22.5,22.5,17.5,17.5,17.5,17.5,22.5,22.5,22.5,22.5,50,50,50
"Argentina",27.6264591439689,27.6264591439689,NaN,26.4591439688716,NaN,30.7392996108949,30.7392996108949,33.7254901960784,36.1867704280156,35.0194552529183,40,40,38.5214007782101,38.5214007782101,37.3540856031128,37.3540856031128,36.5758754863813,36.5758754863813,NaN,35.7976653696498,38.1322957198444,38.9105058365759,40.1574803149606,40.8560311284047,44.7470817120623
"Armenia",6.31578947368421,6.31578947368421,3.05343511450382,3.05343511450382,3.05343511450382,3.05343511450382,4.58015267175572,5.34351145038168,5.34351145038168,5.34351145038168,9.16030534351145,8.3969465648855,9.16030534351145,9.16030534351145,8.3969465648855,10.6870229007634,10.6870229007634,10.6870229007634,10.6870229007634,10.6870229007634,18.0952380952381,18.0952380952381,23.4848484848485,23.4848484848485,33.6448598130841
"Antigua and Barbuda",5.26315789473684,5.26315789473684,NaN,5.26315789473684,5.26315789473684,5.26315789473684,5.26315789473684,10.5263157894737,10.5263157894737,10.5263157894737,10.5263157894737,10.5263157894737,10.5263157894737,10.5263157894737,10.5263157894737,10.5263157894737,10.5263157894737,11.1111111111111,11.1111111111111,11.1111111111111,11.1111111111111,11.1111111111111,11.1111111111111,11.1111111111111,11.1111111111111
"Australia",15.5405405405405,15.5405405405405,22.4489795918367,22.972972972973,NaN,25.3333333333333,25.3333333333333,24.6666666666667,24.6666666666667,24.6666666666667,26.6666666666667,26.6666666666667,27.3333333333333,24.6666666666667,24.6666666666667,24.6666666666667,26,26,26.6666666666667,28.6666666666667,28.6666666666667,28.6666666666667,30.4635761589404,30.4635761589404,31.1258278145695
"Austria",26.2295081967213,26.2295081967213,NaN,26.775956284153,26.775956284153,NaN,33.879781420765,33.879781420765,33.879781420765,32.2404371584699,32.7868852459016,27.3224043715847,27.8688524590164,27.8688524590164,27.8688524590164,27.8688524590164,33.3333333333333,32.2404371584699,30.6010928961749,30.6010928961749,34.4262295081967,34.4262295081967,39.344262295082,39.344262295082,40.4371584699454
"Azerbaijan",12,12,12,NaN,10.4838709677419,10.4838709677419,10.4838709677419,10.4838709677419,13.0434782608696,11.2903225806452,11.3821138211382,11.3821138211382,11.3821138211382,16,16,16,15.5737704918033,15.5737704918033,16.9354838709677,16.8,16.8,16.8,16.8067226890756,17.3553719008264,18.1818181818182
"Burundi",NaN,11.864406779661,5.98290598290598,14.4067796610169,14.4067796610169,18.4357541899441,18.4357541899441,18.4357541899441,30.5084745762712,30.5084745762712,30.5084745762712,30.5084745762712,31.3559322033898,32.0754716981132,30.4761904761905,30.4761904761905,30.4761904761905,30.4761904761905,36.3636363636364,36.3636363636364,36.3636363636364,36.3636363636364,36.3636363636364,38.2113821138211,38.2113821138211
"Belgium",12.6666666666667,12.6666666666667,23.3333333333333,23.3333333333333,23.3333333333333,23.3333333333333,35.3333333333333,34.6666666666667,34.6666666666667,34.6666666666667,35.3333333333333,35.3333333333333,38,39.3333333333333,38,38,38,39.3333333333333,39.3333333333333,39.3333333333333,38,38,42,41.3333333333333,42
"Benin",7.2289156626506,7.2289156626506,6.02409638554217,6.02409638554217,6.02409638554217,6.02409638554217,6.02409638554217,7.2289156626506,7.2289156626506,7.2289156626506,10.8433734939759,10.8433734939759,10.8433734939759,10.8433734939759,8.43373493975904,8.43373493975904,8.43373493975904,8.43373493975904,7.2289156626506,7.2289156626506,7.2289156626506,7.2289156626506,7.2289156626506,7.2289156626506,8.43373493975904
"Burkina Faso",9.00900900900901,8.10810810810811,8.10810810810811,8.10810810810811,8.10810810810811,11.7117117117117,11.7117117117117,11.7117117117117,11.7117117117117,11.7117117117117,15.3153153153153,15.3153153153153,15.3153153153153,15.3153153153153,15.3153153153153,15.748031496063,15.748031496063,NaN,9.44881889763779,9.44881889763779,11.0236220472441,11.0236220472441,13.3858267716535,6.2992125984252,6.2992125984252
"Bangladesh",9.09090909090909,9.09090909090909,9.09090909090909,9.09090909090909,NaN,2,2,2,14.7826086956522,15.0724637681159,NaN,6.33333333333333,18.5507246376812,18.5507246376812,19.7142857142857,19.7142857142857,19.7142857142857,19.8275862068966,20,20,20.2857142857143,20.2857142857143,20.6303724928367,20.9169054441261,20.8571428571429
"Bulgaria",10.8333333333333,10.8333333333333,10.8333333333333,10.8333333333333,26.25,26.25,26.25,26.25,22.0833333333333,22.0833333333333,21.6666666666667,21.6666666666667,20.8333333333333,20.8333333333333,20.8333333333333,22.9166666666667,24.5833333333333,20,20.4166666666667,20.4166666666667,23.75,23.75,25.8333333333333,26.6666666666667,23.75
"Bahrain",NaN,NaN,NaN,NaN,NaN,NaN,0,0,0,2.5,2.5,2.5,2.5,2.5,10,10,10,7.5,7.5,7.5,7.5,15,15,15,15
"Bahamas, The",15,15,15,15,15,NaN,20,20,20,20,12.1951219512195,12.1951219512195,12.1951219512195,12.1951219512195,12.1951219512195,13.1578947368421,13.1578947368421,13.1578947368421,13.1578947368421,13.1578947368421,12.8205128205128,12.8205128205128,12.8205128205128,12.8205128205128,17.9487179487179
"Bosnia and Herzegovina",NaN,NaN,NaN,NaN,7.14285714285714,NaN,16.6666666666667,16.6666666666667,16.6666666666667,14.2857142857143,11.9047619047619,11.9047619047619,19.047619047619,16.6666666666667,21.4285714285714,21.4285714285714,21.4285714285714,21.4285714285714,21.4285714285714,21.4285714285714,21.4285714285714,21.4285714285714,21.4285714285714,26.1904761904762,26.1904761904762
"Belarus",NaN,NaN,NaN,NaN,10.3092783505155,10.3092783505155,10.3092783505155,29.3577981651376,29.0909090909091,29.0909090909091,29.0909090909091,31.8181818181818,31.8181818181818,31.8181818181818,31.8181818181818,26.605504587156,26.605504587156,26.605504587156,27.2727272727273,34.5454545454545,34.5454545454545,34.5454545454545,40,40,40
"Belize",3.44827586206897,3.44827586206897,6.89655172413793,6.89655172413793,6.89655172413793,6.89655172413793,3.33333333333333,6.66666666666667,6.66666666666667,6.66666666666667,3.33333333333333,0,0,0,0,3.125,3.125,3.125,3.125,3.125,9.375,9.375,9.375,9.67741935483871,12.5
"Bolivia",NaN,NaN,11.5384615384615,11.5384615384615,11.5384615384615,18.4615384615385,18.4615384615385,19.2307692307692,16.9230769230769,16.9230769230769,16.9230769230769,16.9230769230769,22.3076923076923,25.3846153846154,25.3846153846154,25.3846153846154,25.3846153846154,53.0769230769231,53.0769230769231,53.0769230769231,53.0769230769231,53.0769230769231,53.0769230769231,46.1538461538462,46.1538461538462
"Brazil",6.62768031189084,6.62768031189084,5.65302144249513,5.65302144249513,6.82261208576998,6.23781676413255,8.57699805068226,8.57699805068226,8.57699805068226,8.7719298245614,8.96686159844054,8.96686159844054,8.7719298245614,8.57699805068226,8.57699805068226,8.57699805068226,8.57699805068226,9.94152046783626,9.94152046783626,9.94152046783626,10.7212475633528,15.009746588694,15.009746588694,14.6198830409357,15.2046783625731
"Barbados",10.7142857142857,10.7142857142857,10.7142857142857,10.7142857142857,10.7142857142857,10.7142857142857,13.3333333333333,13.3333333333333,13.3333333333333,13.3333333333333,13.3333333333333,10,10,10,10,10,16.6666666666667,16.6666666666667,16.6666666666667,16.6666666666667,16.6666666666667,20,20,20,20
"Brunei Darussalam",NaN,NaN,NaN,NaN,NaN,NaN,NaN,NaN,NaN,NaN,NaN,NaN,NaN,NaN,NaN,NaN,NaN,NaN,NaN,6.45161290322581,9.09090909090909,9.09090909090909,9.09090909090909,9.09090909090909,9.09090909090909
"Bhutan",2,2,2,9.33333333333333,9.33333333333333,9.33333333333333,9.33333333333333,9.21052631578947,9.33333333333333,2.66666666666667,2.66666666666667,8.51063829787234,8.51063829787234,8.51063829787234,8.51063829787234,8.51063829787234,6.38297872340426,8.51063829787234,8.51063829787234,8.51063829787234,8.51063829787234,14.8936170212766,14.8936170212766,14.8936170212766,17.0212765957447
"Botswana",8.51063829787234,8.51063829787234,NaN,17.0212765957447,17.0212765957447,17.0212765957447,17.0212765957447,11.1111111111111,11.1111111111111,11.1111111111111,11.1111111111111,11.1111111111111,7.93650793650794,7.93650793650794,7.93650793650794,7.93650793650794,7.93650793650794,9.52380952380952,9.52380952380952,9.52380952380952,9.52380952380952,9.52380952380952,10.7692307692308,10.7692307692308,10.7692307692308
"Central African Republic",3.52941176470588,3.52941176470588,7.3394495412844,7.3394495412844,7.3394495412844,7.3394495412844,NaN,NaN,10.4761904761905,10.4761904761905,10.4761904761905,10.4761904761905,9.61538461538462,9.61538461538462,12.5,12.5,NaN,NaN,NaN,7.19424460431655,8.57142857142857,8.57142857142857,8.57142857142857,8.57142857142857,12.8571428571429
"Canada",20.5980066445183,20.5980066445183,20.5980066445183,NaN,20.5980066445183,20.5980066445183,20.5980066445183,21.1038961038961,21.1038961038961,20.7792207792208,21.3114754098361,22.0779220779221,22.0779220779221,22.0779220779221,24.7557003257329,24.6753246753247,24.6753246753247,25.0814332247557,26.0355029585799,26.0355029585799,26.2686567164179,26.9461077844311,28.9940828402367,28.9940828402367,30.4733727810651
"Central Europe and the Baltics",11.4824335904027,10.968294772922,11.4824335904027,12.9600829445308,15.5668358714044,16.1167512690355,16.2675101671938,17.14164185453,16.7234042553192,17.0991067630795,16.8438962143769,16.8152866242038,17.0700636942675,17.0276008492569,18.4333759046403,19.2671881432688,19.2102015631427,19.7050938337802,20.1164874551971,19.8924731182796,22.3044886626562,22.7209625173531,23.6927348449792,24.988431281814,24.212962962963
"Switzerland",21,21,22.5,23,23,23,25,25,25,25,28.5,28.5,29,29,28.5,29,31,31,32,32,32.5,32.5,41.5,41.5,42.5
"Chile",7.5,10.8333333333333,10.8333333333333,10.8333333333333,10.8333333333333,12.5,12.5,12.5,15,15,15,15,14.1666666666667,14.1666666666667,14.1666666666667,14.1666666666667,15.8333333333333,15.8333333333333,15.8333333333333,15.8333333333333,NaN,22.5806451612903,22.5806451612903,22.5806451612903,35.4838709677419
"China",NaN,21.8194024840551,21.8194024840551,21.7828418230563,21.7828418230563,21.7828418230563,20.2345058626466,20.2345058626466,20.2684563758389,20.2684563758389,20.620992237597,21.325744894543,21.325744894543,21.325744894543,21.3230355943586,21.3230355943586,23.40140609307,23.40140609307,23.6228455559311,23.6228455559311,24.2476060191518,24.8993288590604,24.9411764705882,24.9411764705882,24.9411764705882
"Cote d'Ivoire",8,8,8,NaN,8.52017937219731,8.52017937219731,8.52017937219731,8.52017937219731,8.52017937219731,8.52017937219731,8.86699507389163,8.86699507389163,8.86699507389163,8.86699507389163,11.0236220472441,10.4417670682731,10.4417670682731,9.44881889763779,9.16334661354582,9.16334661354582,10.5882352941176,10.5882352941176,10.9803921568627,11.3725490196078,14.1732283464567
"Cameroon",5.55555555555556,5.55555555555556,5.55555555555556,5.55555555555556,5.55555555555556,8.88888888888889,8.88888888888889,8.88888888888889,8.88888888888889,8.88888888888889,13.8888888888889,13.8888888888889,13.8888888888889,13.8888888888889,13.8888888888889,13.8888888888889,31.1111111111111,31.1111111111111,31.1111111111111,31.1111111111111,31.1111111111111,31.1111111111111,31.1111111111111,33.8888888888889,33.8888888888889
"Congo, Dem. Rep.",NaN,NaN,NaN,NaN,NaN,NaN,NaN,12,12,8.4,8.4,8.4,8.4,8.4,NaN,8.94308943089431,8.94308943089431,10.6425702811245,8.94308943089431,8.94308943089431,8.94308943089431,8.94308943089431,10,12.8,12.8
"Congo, Rep.",NaN,12,12,12,12,NaN,8.52713178294574,8.52713178294574,8.52713178294574,8.52713178294574,7.2992700729927,7.2992700729927,7.2992700729927,7.2992700729927,7.2992700729927,7.35294117647059,7.35294117647059,7.35294117647059,7.35294117647059,7.35294117647059,11.2582781456954,11.2582781456954,11.2582781456954,11.2582781456954,11.2582781456954
"Colombia",11.6564417177914,NaN,11.8012422360248,11.8012422360248,11.8012422360248,12.0481927710843,12.0481927710843,12.0481927710843,12.1212121212121,8.43373493975904,8.43373493975904,8.43373493975904,8.43373493975904,12.6506024096386,12.1212121212121,12.1212121212121,12.1212121212121,19.8795180722892,19.8795180722892,19.8795180722892,18.6746987951807,18.1286549707602,18.7134502923977,18.3431952662722,18.8235294117647
"Comoros",0,0,NaN,NaN,NaN,NaN,NaN,3.03030303030303,3.03030303030303,3.03030303030303,3.03030303030303,3.03030303030303,0,3.03030303030303,3.03030303030303,3.03030303030303,3.03030303030303,3.03030303030303,3.03030303030303,3.03030303030303,6.06060606060606,6.06060606060606,6.06060606060606,16.6666666666667,16.6666666666667
"Cabo Verde",11.1111111111111,11.1111111111111,11.1111111111111,11.1111111111111,11.1111111111111,11.1111111111111,11.1111111111111,11.1111111111111,11.1111111111111,15.2777777777778,18.0555555555556,18.0555555555556,18.0555555555556,18.0555555555556,20.8333333333333,20.8333333333333,20.8333333333333,20.8333333333333,20.8333333333333,23.6111111111111,23.6111111111111,23.6111111111111,23.6111111111111,25,38.8888888888889
"Costa Rica",15.7894736842105,19.2982456140351,19.2982456140351,19.2982456140351,19.2982456140351,35.0877192982456,35.0877192982456,35.0877192982456,35.0877192982456,38.5964912280702,36.8421052631579,36.8421052631579,36.8421052631579,38.5964912280702,38.5964912280702,38.5964912280702,38.5964912280702,33.3333333333333,33.3333333333333,33.3333333333333,35.0877192982456,45.6140350877193,45.6140350877193,45.6140350877193,45.6140350877193
"Caribbean small states",11.5702479338843,12.0234604105572,12.9113924050633,13.2258064516129,14.6153846153846,NaN,15.9353348729792,17.8240740740741,17.8240740740741,17.2413793103448,18.0995475113122,17.4887892376682,17.3814898419865,15.2466367713004,15.8482142857143,16.1797752808989,17.0786516853933,17.155756207675,19.7309417040359,20.4035874439462,21.2527964205817,21.923937360179,22.5950782997763,25.503355704698,25.8928571428571
"Cuba",22.7504244482173,27.6206322795341,27.6206322795341,27.6206322795341,27.6206322795341,27.6206322795341,35.9605911330049,35.9605911330049,35.9605911330049,35.9605911330049,35.9605911330049,43.1596091205212,43.1596091205212,43.1596091205212,45.221843003413,45.221843003413,48.8562091503268,48.8562091503268,48.8562091503268,48.8562091503268,48.8562091503268,53.2231404958678,53.2231404958678,53.2231404958678,53.4129692832764
"Cyprus",5.35714285714286,5.35714285714286,5.35714285714286,7.14285714285714,10.7142857142857,10.7142857142857,10.7142857142857,16.0714285714286,16.0714285714286,14.2857142857143,14.2857142857143,14.2857142857143,12.5,12.5,10.7142857142857,10.7142857142857,10.7142857142857,12.5,12.5,17.8571428571429,17.8571428571429,17.8571428571429,17.8571428571429,19.6428571428571,14.2857142857143
"Czechia",15,15,15,15,15,17,17,17,17,15.5,15.5,15.5,15.5,22,22,22,19.5,19.5,20,20,22,22,22.5,22.5,25
"Germany",26.1904761904762,26.1904761904762,30.9417040358744,30.9417040358744,31.0810810810811,32.1724709784411,32.1724709784411,32.75,31.7589576547231,31.5960912052117,31.6476345840131,32.1895424836601,32.7974276527331,32.7974276527331,32.9032258064516,32.9032258064516,36.4500792393027,36.4500792393027,36.4500792393027,36.4500792393027,30.7475317348378,30.7475317348378,30.8885754583921,31.1706629055007,34.9184782608696
"Djibouti",NaN,0,0,0,0,0,10.7692307692308,10.7692307692308,10.7692307692308,10.7692307692308,13.8461538461538,13.8461538461538,13.8461538461538,13.8461538461538,13.8461538461538,13.8461538461538,12.7272727272727,12.7272727272727,12.7272727272727,12.7272727272727,10.7692307692308,26.1538461538462,26.1538461538462,26.1538461538462,26.1538461538462
"Dominica",9.375,9.375,9.375,NaN,18.75,18.75,18.75,19.3548387096774,12.9032258064516,12.9032258064516,16.1290322580645,18.75,14.2857142857143,12.5,12.5,12.5,12.5,12.9032258064516,21.875,21.875,25,25,25,34.375,34.375
"Denmark",32.9608938547486,37.4301675977654,37.4301675977654,37.4301675977654,NaN,37.9888268156425,37.9888268156425,37.9888268156425,36.8715083798883,36.8715083798883,37.9888268156425,37.9888268156425,37.9888268156425,37.9888268156425,39.1061452513966,39.1061452513966,39.1061452513966,39.1061452513966,37.4301675977654,37.4301675977654,37.4301675977654,37.4301675977654,39.1061452513966,39.6648044692737,39.6648044692737
"Dominican Republic",11.6666666666667,16.1073825503356,16.1073825503356,16.1073825503356,16.1073825503356,17.3333333333333,17.3333333333333,17.3333333333333,17.3333333333333,19.6629213483146,19.6629213483146,19.6629213483146,19.6629213483146,20.7650273224044,20.7650273224044,20.7650273224044,20.7650273224044,20.7650273224044,20.7650273224044,26.8421052631579,26.8421052631579,26.8421052631579,26.8421052631579,27.8947368421053,27.8947368421053
"Algeria",3.15789473684211,3.15789473684211,3.15789473684211,3.42105263157895,3.42105263157895,6.16966580976864,6.16966580976864,6.16966580976864,6.16966580976864,6.16966580976864,7.7120822622108,7.7120822622108,7.7120822622108,7.7120822622108,7.96915167095116,31.6017316017316,31.6017316017316,31.6017316017316,31.6017316017316,31.6017316017316,25.7575757575758,25.7575757575758,25.7575757575758,25.7575757575758,8.10810810810811
"East Asia & Pacific (excluding high income)",NaN,17.5504843211296,18.5430463576159,17.2774869109948,17.5699440447642,18.1673812926791,16.812303390423,17.1485696708705,17.2524449877751,17.6120842037602,17.9878523594456,18.2508916111025,18.5070943861814,17.8964353821329,17.8854752632338,18.1948629645573,19.2726231386025,19.0178571428572,19.7146759751101,19.8510796723753,20.1099064310114,20.6068640447783,20.8374593294667,21.5078564220845,21.5386791118654
"Early-demographic dividend",8.33144411698028,8.84310618066561,8.80897791721974,9.67302452316076,9.52161913523459,11.0885504794134,11.2659115966723,12.145948072384,12.8868828297716,13.4315670161519,14.7212039359444,15.5450936951906,16.9882437404649,17.4212084276511,17.5577970186557,19.2942010994857,20.0692707331153,21.0731795896132,22.1625127397387,22.3453212885631,22.305376344086,22.7895939532431,22.948551664505,24.4509129399312,24.279359430605
"East Asia & Pacific",NaN,16.0468319559229,16.8456071374566,16.357597564351,16.5537270087125,17.2167587228883,16.0696008188332,16.6253425551351,16.9089021541656,17.2857917570499,17.7502307793749,17.9584866001051,18.3339871845168,17.7694235588972,17.6986775429489,17.8567039449429,18.8274254875506,18.5955127392572,19.2873741285825,19.4261880687563,19.810606060606,20.2357071213641,20.5038149448952,21.3300492610837,21.3844850538545
"Europe & Central Asia (excluding high income)",6.27030539311241,6.77496038034864,NaN,7.30279021701688,8.93362692670651,NaN,9.24819125511167,10.8673978065803,10.7958251793868,11.5192477225977,14.3105446118192,14.5010551703346,15.3512575888985,15.4352806414662,16.2231759656652,17.846944603084,18.1012296253932,18.5558112773303,18.5163887291547,19.0901238122661,20.3768115942029,20.7833047455689,22.7051758650272,23.7249283667622,24.9133949191686
"Europe & Central Asia",14.5112781954887,15.1596272060282,16.0555729656325,16.562282533055,16.5375897242161,18.3352674332735,17.7636570561457,18.8124575531192,19.16161998486,19.532967032967,21.0099352839304,21.3488329181659,21.8946218946219,21.9934699800472,22.7041742286751,23.7507877914828,24.7976254722072,25.3484959647836,25.743119266055,26.0058791107845,27.3847852083525,27.9538376992123,29.4559443121451,30.2941445981856,31.1337182659701
"Ecuador",3.65853658536585,17.3553719008264,17.3553719008264,14.6341463414634,14.6341463414634,NaN,16,16,16,25,25,25,32.258064516129,32.258064516129,32.258064516129,32.258064516129,38.6861313868613,41.6058394160584,41.6058394160584,41.6058394160584,37.956204379562,37.956204379562,37.956204379562,39.4160583941606,39.4160583941606
"Egypt, Arab Rep.",1.98237885462555,1.98237885462555,1.98237885462555,1.98237885462555,2.42290748898678,2.42290748898678,2.42290748898678,2.86343612334802,1.98237885462555,2.03619909502262,1.80995475113122,1.80995475113122,1.76211453744493,12.6953125,1.96850393700787,1.96850393700787,NaN,NaN,NaN,14.9328859060403,14.9328859060403,14.9328859060403,14.9328859060403,27.4111675126904,27.7027027027027
"Euro area",16.8688487067979,17.0290684367132,18.281885618569,19.3314633006078,19.1294387170676,19.0823015294974,20.690459528808,21.7050465458109,22.1601489757914,23.0394431554524,24.652133580705,24.9594438006953,25.4625346901018,25.3237742830712,26.0467268100856,27.4242073594075,29.9653979238754,30.1107521919705,30.1960784313726,30.3212387335336,31.2130849613812,31.9700068166326,33.3711949114039,33.8555858310627,34.5971563981043
"Eritrea",20.952380952381,20.952380952381,14.6666666666667,14.6666666666667,14.6666666666667,22,22,22,22,22,22,22,22,22,22,22,22,22,22,22,22,22,22,NaN,NaN
"Spain",24.7126436781609,24.7126436781609,21.551724137931,28.2857142857143,28.2857142857143,28.2857142857143,28.2857142857143,36,36,36,36.5714285714286,36.2857142857143,36.5714285714286,36.5714285714286,36,36,36,39.7142857142857,41.1428571428571,39.1428571428571,39.1428571428571,39.1428571428571,44,44,43.4285714285714
"Estonia",10.8910891089109,10.8910891089109,17.8217821782178,17.8217821782178,17.8217821782178,17.8217821782178,18.8118811881188,18.8118811881188,18.8118811881188,18.8118811881188,20.7920792079208,20.7920792079208,22.7722772277228,22.7722772277228,19.8019801980198,20.7920792079208,20.7920792079208,19,23.7623762376238,23.7623762376238,26.7326732673267,26.7326732673267,29.7029702970297,28.7128712871287,25.7425742574257
"Ethiopia",2.04841713221601,2.04841713221601,2.02578268876611,7.69230769230769,7.6782449725777,7.6782449725777,7.6782449725777,7.6782449725777,21.4285714285714,21.9281663516068,21.9281663516068,21.9281663516068,21.9281663516068,27.7879341864717,27.7879341864717,27.7879341864717,27.7879341864717,27.7879341864717,38.7568555758684,38.7568555758684,38.7568555758684,38.7568555758684,38.7568555758684,38.7568555758684,42.5882352941177
"European Union",17.0148805050353,17.0599729445363,17.9947392851617,19.5739227935288,19.5504926108374,20.2830922382952,21.3775985107043,22.072425145007,22.1783980582524,22.8848191312245,23.8765320018157,24.1535671100363,24.4679245283019,24.377358490566,25.1133272892112,26.0376231710958,27.6817640047676,28.2405276882957,28.2665438354061,28.2859338970023,29.7895222000307,30.5162876459742,31.8174834844062,32.4066963600061,32.7214318494722
"Fragile and conflict affected situations",NaN,NaN,NaN,8.23356950891766,8.4013751611517,9.7818092669772,9.29351459772677,10.0407846183725,12.088915956151,13.3425034387896,13.5692307692308,13.5213414634146,13.2788559754852,14,15.2262751627062,15.7961603613778,17.056176513282,16.3172975418489,18.8976377952756,18.7322342239909,19.1318546741053,18.9147286821706,19.149855907781,20.7117763861311,21.65090021361
"Finland",33.5,33.5,37,36.5,36.5,36.5,37.5,37.5,37.5,38,41.5,41.5,40,40,42.5,42.5,42.5,42.5,41.5,41.5,42,42,47,46,46
"Fiji",4.28571428571429,4.28571428571429,11.2676056338028,NaN,5.71428571428571,5.71428571428571,5.71428571428571,8.45070422535211,8.45070422535211,NaN,NaN,NaN,NaN,NaN,NaN,NaN,NaN,14,16,16,16,19.6078431372549,19.6078431372549,19.6078431372549,21.5686274509804
"France",10.9185441941075,10.9185441941075,10.9185441941075,10.9185441941075,10.9185441941075,12.1317157712305,12.1951219512195,12.1951219512195,12.1951219512195,12.1951219512195,18.1975736568458,18.1975736568458,18.8908145580589,18.8908145580589,18.8908145580589,26.8630849220104,26.8630849220104,26.1698440207972,26.1698440207972,26.1698440207972,38.9948006932409,39.5833333333333,39.6880415944541,39.5147313691508,39.5147313691508
"Micronesia, Fed. Sts.",0,0,0,0,0,0,0,0,0,0,0,0,0,0,0,0,0,0,0,0,0,0,0,0,7.14285714285714
"Gabon",8.33333333333333,8.33333333333333,8.33333333333333,9.16666666666667,9.16666666666667,9.2436974789916,9.2436974789916,9.2436974789916,9.2436974789916,12.5,16.6666666666667,16.6666666666667,14.6551724137931,14.6551724137931,14.1666666666667,15.7894736842105,15.7894736842105,15,14.1666666666667,14.1666666666667,17.0940170940171,NaN,17.910447761194,14.7887323943662,16.1971830985916
"United Kingdom",18.2094081942337,18.2094081942337,18.361153262519,18.361153262519,17.9059180576631,17.9059180576631,17.9059180576631,18.0576631259484,19.6594427244582,19.6594427244582,19.5046439628483,19.5046439628483,19.5046439628483,22,22.3076923076923,22.4615384615385,22.4615384615385,22.6153846153846,29.3846153846154,29.5839753466872,32,32.1538461538462,32,33.8461538461538,34.2592592592593
"Georgia",6.92640692640693,6.92640692640693,NaN,7.23404255319149,7.23404255319149,7.23404255319149,7.23404255319149,9.36170212765957,9.36170212765957,9.36170212765957,9.36170212765957,6,5.10948905109489,6.52173913043478,6.56934306569343,12,12,12,11.3333333333333,16,16,16,14.7651006711409,20.6666666666667,19.3333333333333
"Ghana",9,9,9,NaN,9,9,9,10.8695652173913,10.8695652173913,10.8695652173913,10.8695652173913,7.89473684210526,8.26086956521739,8.26086956521739,8.26086956521739,NaN,10.9090909090909,10.9090909090909,10.9090909090909,10.9090909090909,12.7272727272727,12.7272727272727,13.0909090909091,13.0909090909091,14.5454545454545
"Guinea",7.01754385964912,8.7719298245614,8.7719298245614,8.7719298245614,8.7719298245614,NaN,19.2982456140351,19.2982456140351,19.2982456140351,19.2982456140351,19.2982456140351,NaN,NaN,NaN,NaN,NaN,NaN,21.9298245614035,21.9298245614035,21.9298245614035,21.9298245614035,21.9298245614035,22.8070175438596,16.6666666666667,NaN
"Gambia, The",2.04081632653061,2.04081632653061,2.04081632653061,2.04081632653061,2.04081632653061,5.66037735849057,13.2075471698113,13.2075471698113,13.2075471698113,13.2075471698113,9.43396226415094,9.43396226415094,7.54716981132075,7.54716981132075,7.54716981132075,7.54716981132075,7.54716981132075,9.43396226415094,9.43396226415094,9.43396226415094,10.3448275862069,10.3448275862069,10.3448275862069,8.62068965517241,8.62068965517241
"Guinea-Bissau",10,10,NaN,7.84313725490196,7.84313725490196,7.84313725490196,NaN,14,14,14,14,10,10,10,10,14,14,13.7254901960784,13.7254901960784,13.7254901960784,13.7254901960784,13.7254901960784,13.7254901960784,13.7254901960784,13.7254901960784
"Equatorial Guinea",8.75,8.75,5,5,5,5,5,18,18,18,18,6,10,10,10,10,12.1212121212121,24,24,24,NaN,20,21,21,23
"Greece",6.33333333333333,6.33333333333333,6.33333333333333,8.66666666666667,8.66666666666667,8.66666666666667,8.66666666666667,14,13,13,14.6666666666667,14.6666666666667,17.3333333333333,17.3333333333333,18.6666666666667,21,21,21,19.6666666666667,19.6666666666667,18.3333333333333,18.6666666666667,20.6666666666667,21.6666666666667,21.6666666666667
"Grenada",20,20,NaN,26.6666666666667,26.6666666666667,26.6666666666667,26.6666666666667,26.6666666666667,26.6666666666667,26.6666666666667,26.6666666666667,13.3333333333333,13.3333333333333,13.3333333333333,13.3333333333333,13.3333333333333,33.3333333333333,33.3333333333333,33.3333333333333,33.3333333333333,33.3333333333333,46.6666666666667,46.6666666666667,46.6666666666667,46.6666666666667
"Guatemala",12.5,12.5,7.07964601769912,8.84955752212389,8.84955752212389,8.84955752212389,8.22784810126582,8.22784810126582,8.22784810126582,8.22784810126582,12.0253164556962,12.0253164556962,12.0253164556962,12.0253164556962,13.2911392405063,13.2911392405063,13.2911392405063,13.2911392405063,13.9240506329114,13.9240506329114,12.6582278481013,12.6582278481013,19.375,19.375,19.375
"Guyana",NaN,NaN,18.4615384615385,18.4615384615385,18.4615384615385,20,20,30.7692307692308,30.7692307692308,28.9855072463768,28.9855072463768,30,30,30,31.3432835820896,31.3432835820896,31.3432835820896,31.3432835820896,30.4347826086957,30.4347826086957,31.8840579710145,31.8840579710145,31.8840579710145,35.7142857142857,35.7142857142857
"High income",15.8881256133464,15.9760995200314,16.963119284494,NaN,17.8871670211688,18.5356998789835,19.0386893012238,19.5767195767196,20.1034383679724,20.6079143567196,21.4156425645423,21.631138180434,22.1524407650585,22.237017310253,22.8182164634146,23.3371126228269,24.7618149231205,25.3006253006253,25.9355210132412,25.9628281279939,27.2718474789509,27.9229448788861,29.0562440419447,30.0448430493273,30.7502374169041
"Honduras",NaN,9.375,9.375,9.375,9.375,5.46875,5.46875,5.46875,23.4375,23.4375,23.4375,23.4375,17.96875,17.96875,19.53125,19.53125,NaN,25.78125,25.78125,25.78125,NaN,21.09375,21.09375,21.09375,27.34375
"Heavily indebted poor countries (HIPC)",8.93956670467503,9.34030045721751,9.11934552454283,NaN,11.9157472417252,13.515298261061,13.5213444079583,14.0574536800952,16.8959653733189,17.1120558761008,17.6344743276284,17.5921605226318,17.7140255009108,18.3136327817179,20.3537077257214,21.4983216356424,22.1052631578947,22.1501976284585,23.8495575221239,24.0289469797666,24.309313585873,24.0502672251914,24.1226121723678,25.2358125869801,26.4526484751204
"Croatia",7.8740157480315,7.8740157480315,7.8740157480315,20.5298013245033,20.5298013245033,20.5298013245033,NaN,21.7105263157895,21.7105263157895,21.7105263157895,20.9150326797386,20.9150326797386,23.5294117647059,23.5294117647059,23.841059602649,23.841059602649,23.841059602649,23.841059602649,15.2317880794702,12.5827814569536,18.5430463576159,18.5430463576159,20.5298013245033,31.1258278145695,31.1258278145695
"Haiti",3.6144578313253,3.6144578313253,3.6144578313253,NaN,3.6144578313253,3.6144578313253,3.6144578313253,3.6144578313253,3.6144578313253,2.04081632653061,4.08163265306122,4.08163265306122,4.08163265306122,11.1111111111111,4.21052631578947,4.21052631578947,4.21052631578947,4.21052631578947,4.21052631578947,0,2.54237288135593,2.54237288135593,2.54237288135593,NaN,NaN
"Hungary",11.3989637305699,8.29015544041451,8.29015544041451,8.29015544041451,8.29015544041451,9.06735751295337,9.84455958549223,9.09090909090909,9.09090909090909,10.3626943005181,11.139896373057,11.139896373057,11.139896373057,9.06735751295337,8.80829015544041,8.80829015544041,8.80829015544041,10.0502512562814,10.1010101010101,10.1010101010101,10.0502512562814,12.5628140703518,12.5628140703518,12.0603015075377,13.0653266331658
"IBRD only",9.28589242663563,12.6757607555089,12.5875672885481,12.7028539451595,13.1115072291543,14.4545831605143,13.9650221874184,14.8755081300813,14.4687080639258,15.1577669902913,15.9213201004424,16.3547746555148,17.3006062046832,17.6432445178024,17.9595278246206,19.2770373864843,20.3939393939394,21.0090829911659,21.2767295597484,21.754197287447,22.2905129921499,22.9814781514116,23.5428370786517,24.2715038033938,24.5936271345578
"IDA & IBRD total",8.70701369290269,10.9428674742361,11.0254016606888,11.433773752276,11.990240501917,13.2703112458753,13.0452777087989,13.8327844133169,14.5051709821092,15.0020658828832,15.9139623209115,16.4994425863991,17.2442756454735,17.4158523344191,18.185089234312,19.2862190812721,19.9911803616052,20.4162102957284,21.1163465023559,21.4540744889387,21.8621778011573,22.1928339681196,22.5355557885173,23.5006380263718,24.0235971427556
"IDA total",7.72695285010556,7.77877123515136,NaN,NaN,NaN,11.1180904522613,11.4505544240778,12.0968594691763,14.5643564356436,14.7490880410135,15.9014898145333,16.7330677290837,17.1544946481008,17.0541908869304,18.5198426885949,19.299947099277,19.3707991038088,19.5740544361965,20.8982035928144,21.0294987744062,21.2795894719417,21.0657071875268,21.042588255703,22.3161301924114,23.1483150117138
"IDA blend",NaN,NaN,NaN,NaN,NaN,10.6394707828004,10.6744298884037,11.5544041450777,12.1761658031088,12.4123043712898,13.1434830230011,13.578947368421,13.9018087855297,13.7842023748064,14.1231246766684,14.3666323377961,18.9073634204276,18.8950789229341,18.5543278084714,18.646408839779,19.0344827586207,19.1021530004581,18.9189189189189,21.0694698354662,20.9344938158497
"Indonesia",11.4,11.4,NaN,8,8,8,8,11.2727272727273,11.2727272727273,11.2727272727273,11.6363636363636,11.6363636363636,17.8571428571429,18.0357142857143,18.2142857142857,18.5714285714286,18.5714285714286,16.9369369369369,17.1171171171171,17.1171171171171,19.8214285714286,19.8214285714286,17.3913043478261,20.3478260869565,21.0434782608696
"IDA only",8.11091854419411,8.08411214953271,7.96232876712329,9.63237893248497,NaN,11.2593556784901,11.6865869853918,12.2359505779195,15.1285189718482,15.2714113389626,16.5277950503669,17.4472649267072,17.8844815588031,17.779814411731,19.4381415451108,20.3191489361702,19.4841408156152,19.733682602052,21.4330741752469,21.5653794388653,21.77248410215,21.5173867228662,21.5386261502247,22.6214461607343,23.6904094223219
"India",7.15596330275229,8.10313075506446,8.44036697247707,9.00735294117647,8.83977900552486,8.83977900552486,8.83977900552486,8.25688073394496,8.28729281767956,8.25688073394496,9.05730129390018,9.05730129390018,10.8256880733945,10.8256880733945,11.0091743119266,11.0091743119266,11.0091743119266,11.4180478821363,11.9705340699816,11.9705340699816,11.8081180811808,11.8081180811808,14.3911439114391,14.3646408839779,14.4444444444444
"Ireland",12.0481927710843,12.0481927710843,12.0481927710843,12.0481927710843,12.0481927710843,13.2530120481928,13.2530120481928,13.2530120481928,13.2530120481928,13.2530120481928,13.2530120481928,13.2530120481928,13.9393939393939,13.9393939393939,15.0602409638554,15.0602409638554,15.6626506024096,15.6626506024096,16.2650602409639,22.1518987341772,22.1518987341772,22.1518987341772,22.1518987341772,22.5,22.5
"Iran, Islamic Rep.",4.88721804511278,4.88721804511278,4.88721804511278,3.44827586206897,3.44827586206897,4.13793103448276,4.13793103448276,4.13793103448276,4.13793103448276,4.13793103448276,4.13793103448276,2.7972027972028,2.75862068965517,2.75862068965517,2.75862068965517,3.10344827586207,3.10344827586207,3.10344827586207,3.10344827586207,5.88235294117647,5.88235294117647,5.88235294117647,5.88235294117647,5.59440559440559,5.59440559440559
"Iraq",6.4,6.4,6.4,7.6,7.6,7.6,NaN,NaN,NaN,25.4545454545455,25.4545454545455,25.4545454545455,25.4545454545455,25.2307692307692,25.2307692307692,25.2307692307692,25.2307692307692,25.3048780487805,26.5243902439024,26.5243902439024,25.3048780487805,25.2279635258359,25.2279635258359,26.4437689969605,28.8753799392097
"Iceland",25.3968253968254,25.3968253968254,34.9206349206349,34.9206349206349,34.9206349206349,34.9206349206349,30.1587301587302,30.1587301587302,33.3333333333333,33.3333333333333,33.3333333333333,33.3333333333333,42.8571428571429,42.8571428571429,39.6825396825397,39.6825396825397,39.6825396825397,39.6825396825397,41.2698412698413,47.6190476190476,38.0952380952381,38.0952380952381,38.0952380952381,38.0952380952381,47.6190476190476
"Israel",7.5,7.5,11.6666666666667,12.5,13.3333333333333,14.1666666666667,15,15,15,14.1666666666667,14.1666666666667,14.1666666666667,18.3333333333333,19.1666666666667,20,20,22.5,22.5,26.6666666666667,26.6666666666667,27.5,27.5,23.3333333333333,27.5,28.3333333333333
"Italy",11.1111111111111,11.1111111111111,11.1111111111111,11.1111111111111,9.84126984126984,9.84126984126984,11.4886731391586,11.525974025974,11.525974025974,17.3015873015873,17.3015873015873,21.2698412698413,21.2698412698413,21.2698412698413,21.5873015873016,21.4285714285714,31.4285714285714,31.4285714285714,30.952380952381,30.952380952381,30.952380952381,35.7142857142857,35.7142857142857,35.7142857142857,35.7142857142857
"Jamaica",11.6666666666667,13.5593220338983,13.3333333333333,13.3333333333333,13.3333333333333,NaN,11.6666666666667,11.6666666666667,11.6666666666667,11.6666666666667,13.3333333333333,13.3333333333333,13.3333333333333,13.3333333333333,12.6984126984127,12.6984126984127,12.6984126984127,12.6984126984127,12.6984126984127,17.4603174603175,17.4603174603175,17.4603174603175,17.4603174603175,28.5714285714286,28.5714285714286
"Jordan",0,0,0,0,1.25,1.25,5.45454545454545,5.45454545454545,5.45454545454545,5.45454545454545,6.36363636363636,6.36363636363636,6.36363636363636,10.8333333333333,10.8333333333333,10.8333333333333,12.1621621621622,12,12,15.3846153846154,15.3846153846154,15.3846153846154,15.3846153846154,11.5384615384615,11.5384615384615
"Japan",4.6,4.6,4.6,7.29166666666667,7.29166666666667,7.29166666666667,7.08333333333333,7.08333333333333,8.95833333333333,9.375,9.375,9.375,11.25,11.25,10.8333333333333,7.91666666666667,8.125,8.125,9.47368421052632,9.47368421052632,10.1075268817204,10.1075268817204,10.1075268817204,9.89247311827957,9.67741935483871
"Kazakhstan",13.4328358208955,13.4328358208955,10.8108108108108,10.3896103896104,10.3896103896104,10.3896103896104,10.3896103896104,10.3896103896104,10.3896103896104,10.3896103896104,15.8878504672897,15.8878504672897,17.7570093457944,17.7570093457944,17.7570093457944,24.2990654205607,24.2990654205607,25.2173913043478,26.1682242990654,27.1028037383178,27.1028037383178,27.1028037383178,27.1028037383178,27.1028037383178,27.1028037383178
"Kenya",2.97029702970297,3.6036036036036,3.57142857142857,3.57142857142857,3.57142857142857,3.57142857142857,7.14285714285714,7.14285714285714,7.14285714285714,7.30593607305936,7.2463768115942,9.82142857142857,9.82142857142857,9.82142857142857,9.82142857142857,9.82142857142857,18.5714285714286,19.1428571428571,19.7142857142857,19.7142857142857,21.7765042979943,21.7765042979943,21.7765042979943,21.7765042979943,21.6138328530259
"Kyrgyz Republic",1.42857142857143,1.42857142857143,1.42857142857143,2.32558139534884,10,10,10,10,0,0,25.5555555555556,25.5555555555556,25.5555555555556,23.3333333333333,23.3333333333333,23.3333333333333,23.3333333333333,23.3333333333333,19.1666666666667,19.1666666666667,19.1666666666667,19.1666666666667,19.1666666666667,16.5217391304348,20.4545454545455
"Cambodia",5.83333333333333,5.83333333333333,8.19672131147541,7.37704918032787,7.37704918032787,7.37704918032787,9.75609756097561,9.75609756097561,9.75609756097561,9.75609756097561,19.5121951219512,16.260162601626,21.1382113821138,21.1382113821138,20.3252032520325,20.3252032520325,20.3252032520325,20.3252032520325,20.3252032520325,20.3252032520325,20.3252032520325,20,20,20,21.6
"Kiribati",0,0,4.8780487804878,4.8780487804878,4.76190476190476,4.76190476190476,NaN,4.76190476190476,4.76190476190476,7.14285714285714,4.34782608695652,4.34782608695652,4.34782608695652,4.34782608695652,8.69565217391304,8.69565217391304,8.69565217391304,8.69565217391304,8.69565217391304,6.52173913043478,6.52173913043478,6.52173913043478,6.52173913043478,8.88888888888889,6.66666666666667
"St. Kitts and Nevis",13.3333333333333,13.3333333333333,13.3333333333333,13.3333333333333,13.3333333333333,13.3333333333333,13.3333333333333,0,0,0,6.66666666666667,6.66666666666667,6.66666666666667,6.66666666666667,6.66666666666667,6.66666666666667,6.66666666666667,6.66666666666667,13.3333333333333,13.3333333333333,13.3333333333333,13.3333333333333,13.3333333333333,25,25
"Korea, Rep.",3.01003344481605,3.67892976588629,3.67892976588629,5.86080586080586,5.86080586080586,5.86080586080586,5.86080586080586,13.0434782608696,13.3779264214047,13.3779264214047,14.38127090301,13.7123745819398,14.7157190635452,14.7157190635452,14.7157190635452,15.6666666666667,15.6666666666667,16.3333333333333,16.3333333333333,17,17,17,16.6666666666667,19,19
"Kuwait",0,0,0,0,0,0,0,0,1.53846153846154,1.53846153846154,1.53846153846154,3.07692307692308,7.69230769230769,7.69230769230769,7.69230769230769,6.15384615384615,6.15384615384615,1.53846153846154,1.53846153846154,2,3.07692307692308,3.07692307692308,4.61538461538462,6.34920634920635,1.53846153846154
"Latin America & Caribbean (excluding high income)",14.182534471438,16.7614586818334,14.7397943284512,15.6396621832968,15.0614091790562,16.908650937689,19.5454545454545,20.0739266420244,21.0631040363843,21.1781206171108,21.9977553310887,23.2577665827036,24.0545050055617,24.4110133409026,24.5046050795423,26.1791794585543,27.5901545506583,29.2379900607399,29.7979797979798,30.8349407550289,31.0462149135242,32.9865863673693,33.5158817086528,34.7863005943957,36.0352673492605
"Lao PDR",NaN,21.2121212121212,21.2121212121212,21.2121212121212,21.2121212121212,22.9357798165138,22.9357798165138,22.9357798165138,22.9357798165138,25.2173913043478,25.2173913043478,25.2173913043478,25.2173913043478,25.2173913043478,25,25,25,25,25,27.5167785234899,27.5167785234899,27.5167785234899,27.5167785234899,27.5167785234899,21.9512195121951
"Lebanon",2.34375,2.34375,2.34375,2.34375,2.34375,2.34375,2.34375,2.34375,4.6875,4.6875,4.6875,4.6875,3.125,3.125,3.125,3.125,3.125,3.125,3.125,3.125,3.125,4.6875,4.6875,4.6875,4.6875
"Liberia",NaN,NaN,NaN,7.8125,7.8125,7.8125,7.8125,5.26315789473684,12.5,12.5,12.5,12.5,12.5,12.5,9.58904109589041,10.958904109589,10.958904109589,10.958904109589,10.958904109589,10.958904109589,9.85915492957746,12.3287671232877,12.3287671232877,12.3287671232877,10.958904109589
"Libya",NaN,NaN,NaN,NaN,NaN,NaN,NaN,NaN,4.73684210526316,7.69230769230769,7.69230769230769,7.69230769230769,7.69230769230769,7.69230769230769,NaN,16.5,16.5,15.9574468085106,15.9574468085106,15.9574468085106,15.9574468085106,15.9574468085106,15.9574468085106,15.9574468085106,15.9574468085106
"St. Lucia",11.7647058823529,11.7647058823529,11.1111111111111,11.1111111111111,NaN,11.1111111111111,11.1111111111111,11.1111111111111,11.1111111111111,0,11.1111111111111,11.1111111111111,11.1111111111111,11.1111111111111,16.6666666666667,16.6666666666667,16.6666666666667,16.6666666666667,16.6666666666667,16.6666666666667,16.6666666666667,16.6666666666667,16.6666666666667,16.6666666666667,11.1111111111111
"Latin America & Caribbean",13.1321370309951,15.3548743441038,14.3351985078604,15.1574254667038,14.3748304854896,16.1181653278051,18.4690157958688,19.0094683175528,20.2086365841824,20.3406092588151,21.1068519405846,22.1611283767631,22.7012863268223,23.0060606060606,23.0346475507766,24.4858919177427,25.7512826777425,27.4607703281027,27.9011099899092,28.8011350200993,29.7405189620759,31.196083003031,31.669776119403,32.757793764988,34.4088610642909
"Least developed countries: UN classification",8.44262295081968,8.58941132913736,8.32113736148861,10.0179604869288,NaN,12.0772946859903,12.4826869806094,12.8252501924557,15.7776530039304,16.0038663352665,17.1088484153162,18.8746244195575,19.5108984582669,19.3637439200736,20.9451936162316,21.5290086257828,21.0554300146218,21.2765957446809,23.191899710704,23.221906116643,23.1153496821072,22.9363350278383,23.0285855101035,24.3481644830717,25.2396994039907
"Low income",10.8231707317073,10.3979156797726,NaN,12.0881725527376,12.399565689468,13.6158057605332,12.991718426501,14.4397381594147,16.532465307521,16.9349315068493,17.1280276816609,17.1373102717967,16.6867159305723,17.6618163572504,19.1679299309416,19.503263811495,20,19.2307692307692,21.3765182186235,21.7560343431071,21.9493358047575,21.7913795866047,21.8739744010502,22.3250336473755,23.8144329896907
"Liechtenstein",4,4,4,4,12,12,12,12,24,24,24,24,24,24,24,24,20,20,20,20,12,12,12,12,28
"Sri Lanka",5.33333333333333,5.33333333333333,4.88888888888889,NaN,NaN,4.44444444444444,4.44444444444444,4.88888888888889,4.88888888888889,4.88888888888889,5.77777777777778,5.77777777777778,5.77777777777778,5.33333333333333,5.77777777777778,5.77777777777778,5.77777777777778,5.77777777777778,4.88888888888889,5.77777777777778,5.77777777777778,5.77777777777778,5.33333333333333,5.38116591928251,5.38116591928251
"Lower middle income",7.39151752880608,8.05919041213159,8.28220858895706,8.01580221740793,8.77540902330194,10.2433837429112,10.1734596147707,10.6644096487516,11.7964451967838,11.979057591623,13.1553554197491,14.655434892926,15.7726819541376,15.6654068032624,16.0792745629616,17.7716825877235,18.3780991735537,19.7527341892534,19.9980835569184,20.0788106752642,19.9334951020041,19.7662740801607,19.9089253187614,21.7504898758981,21.417293582242
"Low & middle income",9.49001747603665,11.780846977042,11.8366942476342,12.0480264973779,12.4719249570617,13.7459988278256,13.5472294612723,14.4338980335616,15.0260843075283,15.5210306934445,16.4522860937204,17.1859183443932,17.8242616189143,17.9883945841393,18.7052971716952,19.8004934034109,20.631086003122,21.0264167650531,21.7064771395076,22.0826995861484,22.259767687434,22.6814767346648,23.015873015873,23.9264242771257,24.404868765933
"Lesotho",4.61538461538462,3.75,3.79746835443038,3.79746835443038,3.79746835443038,NaN,11.6666666666667,11.6666666666667,11.6666666666667,11.6666666666667,23.5294117647059,25,24.1666666666667,24.1666666666667,24.1666666666667,26.6666666666667,26.6666666666667,26.6666666666667,25,25,22.1311475409836,22.1311475409836,23.3333333333333,23.3333333333333,23.3333333333333
"Late-demographic dividend",NaN,14.1730627694249,14.7490685952225,14.7582141687589,15.1123766907353,15.6899810964083,15.0797844235443,15.7863792258697,16.01638704643,16.0408560311284,16.7455061494797,17.0787371624192,17.2161520190024,17.2508525956802,17.6603135855788,18.2850758774788,18.9151470040938,19.1025152439024,19.3653221181419,19.8891860909439,20.7017202837982,21.4700561744264,21.9700492977397,22.1942814566452,22.9915088177662
"Lithuania",17.5182481751825,17.5182481751825,17.5182481751825,10.6382978723404,10.6382978723404,10.6382978723404,10.6382978723404,21.9858156028369,21.9858156028369,24.822695035461,22.6950354609929,17.7304964539007,19.1489361702128,19.1489361702128,19.1489361702128,24.4604316546763,24.113475177305,24.113475177305,23.4042553191489,21.2765957446809,21.2765957446809,21.2765957446809,21.2765957446809,26.9503546099291,27.6595744680851
"Luxembourg",20,20,16.6666666666667,16.6666666666667,16.6666666666667,16.6666666666667,16.6666666666667,23.3333333333333,23.3333333333333,23.3333333333333,23.3333333333333,23.3333333333333,20,20,25,21.6666666666667,28.3333333333333,28.3333333333333,28.3333333333333,28.3333333333333,28.3333333333333,20,25,30,35
"Latvia",9,9,17,17,17,18,21,21,21,19,20,20,22,20,23,23,23,18,18,18,16,31,30,30,29
"Morocco",0.615384615384615,0.615384615384615,0.615384615384615,0.615384615384615,0.615384615384615,10.7692307692308,10.7692307692308,10.7692307692308,10.7692307692308,10.7692307692308,10.4615384615385,10.4615384615385,10.4615384615385,10.4615384615385,16.9620253164557,16.9620253164557,16.9620253164557,16.9620253164557,16.9620253164557,20.5063291139241,20.5063291139241,20.5063291139241,20.5063291139241,20.5063291139241,22.7848101265823
"Monaco",5.55555555555556,22.2222222222222,22.2222222222222,22.2222222222222,22.2222222222222,22.2222222222222,20.8333333333333,20.8333333333333,20.8333333333333,20.8333333333333,20.8333333333333,25,26.0869565217391,26.0869565217391,19.047619047619,19.047619047619,20.8333333333333,20.8333333333333,20.8333333333333,20.8333333333333,20.8333333333333,33.3333333333333,33.3333333333333,33.3333333333333,33.3333333333333
"Moldova",4.80769230769231,NaN,8.91089108910891,7.92079207920792,12.8712871287129,12.8712871287129,12.8712871287129,15.8415841584158,21.7821782178218,21.7821782178218,21.7821782178218,21.7821782178218,23.7623762376238,18.8118811881188,19.8019801980198,19.8019801980198,19.8019801980198,17.8217821782178,21.7821782178218,21.7821782178218,22.7722772277228,22.7722772277228,25.7425742574257,24.7524752475248,39.6039603960396
"Madagascar",3.73134328358209,NaN,8,8,8,NaN,3.75,6.875,6.875,6.875,7.8740157480315,7.8740157480315,NaN,12.5,12.5,17.4863387978142,17.4863387978142,20.5298013245033,20.5298013245033,20.5298013245033,19.205298013245,19.205298013245,15.8940397350993,17.8807947019868,17.8807947019868
"Maldives",6.25,6.25,NaN,6,6,6,6,6,12,12,12,12,6.49350649350649,6.49350649350649,6.49350649350649,6.49350649350649,6.49350649350649,5.88235294117647,5.88235294117647,5.88235294117647,5.88235294117647,5.88235294117647,4.59770114942529,4.59770114942529,4.59770114942529
"Middle East & North Africa",4,3.60421625297518,4.17367889599461,4.20701168614357,4.34346809221517,5.89606928714191,5.87635869565218,6.59195781147001,6.17154811715482,8.05774278215224,8.35291046724094,8.30070477682068,8.78099173553719,10.4260651629073,10.05291005291,13.1469979296066,15.936018957346,16.0878598990798,16.3846838824577,17.0850409836066,16.3021363173957,16.6793796084414,16.3636363636364,18.3291139240506,17.0085692028045
"Mexico",14.2,17.4,18.2,16,16,16,22.6,22.6,24.2,22.6,23.2,23.2,27.6,26.2,26.2,36.8,36.8,37.4,42.3694779116466,42.4,42.6,48.2,48.2,48.2,50
"Marshall Islands",NaN,NaN,NaN,3.03030303030303,3.03030303030303,3.03030303030303,3.03030303030303,3.03030303030303,3.03030303030303,3.03030303030303,3.03030303030303,3.03030303030303,3.03030303030303,3.03030303030303,3.03030303030303,3.03030303030303,3.03030303030303,3.03030303030303,9.09090909090909,9.09090909090909,9.09090909090909,9.09090909090909,6.06060606060606,6.06060606060606,6.06060606060606
"Middle income",9.13895765036462,12.1117660394468,12.2114803625378,12.0383583537873,12.4903325599381,13.7764182424917,13.6570639103515,14.4323640960809,14.5955738347043,15.1192214111922,16.2624544349939,17.1990288951302,18.1345207405671,18.079544393614,18.5781727297973,19.8865732202139,20.8137640180198,21.506734006734,21.8029449363193,22.1739523938818,22.3513858497447,22.9357378249725,23.3285406182602,24.3590909090909,24.5608460805229
"North Macedonia",3.33333333333333,3.33333333333333,7.5,6.66666666666667,6.66666666666667,17.5,18.3333333333333,19.1666666666667,19.1666666666667,28.3333333333333,29.1666666666667,31.6666666666667,32.5,32.5,30.8943089430894,32.520325203252,34.1463414634146,33.3333333333333,33.3333333333333,33.3333333333333,37.5,38.3333333333333,39.1666666666667,39.1666666666667,41.6666666666667
"Mali",12.2448979591837,12.2448979591837,12.2448979591837,12.2448979591837,12.2448979591837,10.2040816326531,10.2040816326531,10.2040816326531,10.2040816326531,10.2040816326531,10.2040816326531,10.2040816326531,10.2040816326531,10.2040816326531,10.2040816326531,10.2040816326531,NaN,9.52380952380952,8.84353741496599,8.84353741496599,8.84353741496599,8.84353741496599,9.52380952380952,27.891156462585,27.2727272727273
"Malta",5.79710144927536,5.79710144927536,9.23076923076923,9.23076923076923,9.23076923076923,9.23076923076923,7.69230769230769,9.23076923076923,9.23076923076923,9.23076923076923,9.23076923076923,8.69565217391304,8.69565217391304,8.69565217391304,8.69565217391304,8.69565217391304,14.2857142857143,14.2857142857143,12.8571428571429,12.8571428571429,11.9402985074627,11.9402985074627,14.9253731343284,13.4328358208955,13.4328358208955
"Myanmar",NaN,NaN,NaN,NaN,NaN,NaN,NaN,NaN,NaN,NaN,NaN,NaN,NaN,4.29447852760736,3.54430379746835,6.03248259860789,6.03248259860789,5.59440559440559,12.6934984520124,9.93071593533487,10.161662817552,10.161662817552,11.3163972286374,16.8253968253968,15.2941176470588
"Middle East & North Africa (excluding high income)",3.9198606271777,3.49361382419234,3.87914957105557,3.88170055452865,3.99556048834628,5.67846607669617,6.01443464314355,6.95721711315475,6.40907697025453,8.63242574257427,8.84900990099011,8.76703841387857,9.0853472009789,10.9831709477414,10.5087014725569,14.1674333026679,16.4200649584987,16.7510853835022,16.9019182048498,17.5671596740115,16.5814023472766,16.9374247894104,16.2686567164179,18.4320766008378,17.0219338894038
"Montenegro",NaN,NaN,NaN,NaN,NaN,NaN,NaN,NaN,NaN,8.64197530864197,11.1111111111111,11.1111111111111,11.1111111111111,11.1111111111111,12.3456790123457,17.2839506172839,16.0493827160494,17.2839506172839,17.2839506172839,23.4567901234568,23.4567901234568,23.4567901234568,28.3950617283951,22.2222222222222,24.6913580246914
"Mongolia",7.89473684210526,7.89473684210526,7.89473684210526,10.5263157894737,10.5263157894737,10.5263157894737,10.5263157894737,6.75675675675676,6.66666666666667,6.57894736842105,6.57894736842105,4.16666666666667,3.94736842105263,3.94736842105263,3.94736842105263,14.8648648648649,14.8648648648649,14.8648648648649,14.4736842105263,17.1052631578947,17.1052631578947,17.1052631578947,17.3333333333333,17.3333333333333,17.1052631578947
"Mozambique",25.2,25.2,NaN,30,30,30,30,34.8,34.8,34.8,34.8,34.8,39.2,39.2,39.2,39.2,39.2,NaN,39.6,39.6,39.6,39.6,41.2,42.4,42.4
"Mauritania",1.26582278481013,3.79746835443038,3.79746835443038,3.79746835443038,NaN,NaN,3.7037037037037,3.7037037037037,NaN,17.8947368421053,22.1052631578947,22.1052631578947,22.1052631578947,22.1052631578947,22.1052631578947,22.1052631578947,NaN,25.1700680272109,25.1700680272109,25.1700680272109,25.1700680272109,20.2614379084967,20.2614379084967,20.2614379084967,20.2614379084967
"Mauritius",7.57575757575758,7.57575757575758,7.57575757575758,5.71428571428571,5.71428571428571,5.71428571428571,5.71428571428571,5.71428571428571,17.1428571428571,17.1428571428571,17.1428571428571,17.1428571428571,17.1428571428571,18.8405797101449,18.8405797101449,18.8405797101449,18.8405797101449,18.8405797101449,11.5942028985507,11.5942028985507,11.5942028985507,11.5942028985507,20,20,20
"Malawi",5.64971751412429,5.64971751412429,8.29015544041451,9.32642487046632,9.32642487046632,9.32642487046632,9.32642487046632,13.9896373056995,13.6125654450262,13.6125654450262,12.9533678756477,12.9533678756477,20.8333333333333,20.8333333333333,22.279792746114,22.279792746114,22.279792746114,16.6666666666667,16.6666666666667,16.6666666666667,16.6666666666667,16.6666666666667,22.9166666666667,22.9166666666667,22.9166666666667
"Malaysia",7.8125,7.8125,NaN,10.3626943005181,10.3626943005181,10.3626943005181,10.4712041884817,9.1324200913242,9.1324200913242,9.1324200913242,10.0456621004566,10.8108108108108,9.90990990990991,9.90990990990991,10.4072398190045,10.4072398190045,10.3603603603604,10.3603603603604,10.3603603603604,10.3603603603604,10.3603603603604,13.9013452914798,14.4144144144144,14.8648648648649,14.8648648648649
"North America",15.3532608695652,15.3532608695652,16.3043478260869,NaN,16.7119565217391,16.5760869565218,16.8478260869565,17.4966352624495,17.6312247644683,18.1695827725438,18.6486486486487,19.1117092866757,18.9771197846568,18.9771197846568,20.1079622132254,20.7547169811321,20.6756756756757,21.6981132075472,22.279792746114,22.1789883268483,22.3667100130039,25,25.8777633289987,28.1413612565445,28.8860103626943
"Namibia",22.2222222222222,22.2222222222222,22.2222222222222,25,25,25,26.3888888888889,25,26.9230769230769,26.9230769230769,26.9230769230769,26.9230769230769,26.9230769230769,24.3589743589744,24.3589743589744,24.3589743589744,24.3589743589744,NaN,41.3461538461538,41.3461538461538,41.3461538461538,46.1538461538462,42.7083333333333,43.2692307692308,44.2307692307692
"Niger",1.20481927710843,1.20481927710843,NaN,1.20481927710843,1.20481927710843,1.20481927710843,1.20481927710843,12.3893805309735,12.3893805309735,12.3893805309735,12.3893805309735,12.3893805309735,9.73451327433628,NaN,13.2743362831858,13.2743362831858,13.2743362831858,13.2743362831858,13.2743362831858,14.6198830409357,16.9590643274854,16.9590643274854,16.9590643274854,16.9590643274854,25.9036144578313
"Nigeria",NaN,NaN,NaN,3.41880341880342,3.41880341880342,3.41880341880342,4.72222222222222,4.72222222222222,6.38888888888889,6.11111111111111,6.98324022346369,6.98324022346369,6.98324022346369,6.98324022346369,6.81818181818182,6.66666666666667,6.66666666666667,6.66666666666667,5.55555555555556,5.55555555555556,5.55555555555556,5.55555555555556,3.38028169014084,7.22222222222222,3.61111111111111
"Nicaragua",10.752688172043,10.752688172043,9.67741935483871,9.67741935483871,NaN,20.6521739130435,20.6521739130435,20.6521739130435,20.6521739130435,15.2173913043478,18.4782608695652,18.4782608695652,20.6521739130435,20.6521739130435,40.2173913043478,40.2173913043478,40.2173913043478,42.3913043478261,41.304347826087,45.6521739130435,45.6521739130435,45.6521739130435,44.5652173913043,47.2527472527472,50.5494505494505
"Netherlands",31.3333333333333,36,36,36,36,34,36.6666666666667,36.6666666666667,36.6666666666667,36.6666666666667,39.3333333333333,41.3333333333333,42,40.6666666666667,40.6666666666667,38.6666666666667,38.6666666666667,38.6666666666667,37.3333333333333,37.3333333333333,36,36,31.3333333333333,33.3333333333333,39.3333333333333
"Norway",36.3636363636364,36.3636363636364,36.3636363636364,36.3636363636364,35.7575757575758,36.3636363636364,36.3636363636364,38.1818181818182,37.8698224852071,37.8698224852071,36.094674556213,36.094674556213,39.6449704142012,39.6449704142012,39.6449704142012,39.6449704142012,39.6449704142012,39.6449704142012,39.6449704142012,39.6449704142012,41.4201183431953,41.4201183431953,40.8284023668639,41.4201183431953,44.9704142011834
"Nepal",3.41463414634146,3.41463414634146,5.85365853658537,5.85365853658537,5.85365853658537,5.85365853658537,5.85365853658537,5.85365853658537,5.85365853658537,5.88235294117647,17.3252279635258,33.1649831649832,33.1649831649832,33.1649831649832,33.1649831649832,33.1649831649832,NaN,29.4807370184255,29.5492487479132,29.5798319327731,29.5798319327731,32.7272727272727,32.7272727272727,32.7272727272727,32.7272727272727
"Nauru",NaN,0,0,NaN,0,0,NaN,0,0,0,0,0,0,0,0,0,5.26315789473684,5.26315789473684,5.26315789473684,5.26315789473684,10.5263157894737,10.5263157894737,10.5263157894737,10.5263157894737,10.5263157894737
"New Zealand",29.1666666666667,29.1666666666667,29.1666666666667,30.8333333333333,30.8333333333333,29.1666666666667,28.3333333333333,28.3333333333333,32.2314049586777,32.2314049586777,33.0578512396694,33.6065573770492,33.6065573770492,33.6065573770492,32.2314049586777,32.2314049586777,32.2314049586777,29.7520661157025,31.404958677686,31.404958677686,38.3333333333333,38.3333333333333,40.8333333333333,48.3333333333333,49.1666666666667
"OECD members",16.001174398121,16.340129288911,17.2898594077176,18.0485717342463,17.728334857259,19.2410190811214,19.506881869492,20.0886560548056,20.6988451288126,21.0998324627969,22.2375554460325,22.38864800946,23.0875258442454,23.1670111209527,23.9637688293788,25.0270749236979,26.1656502065709,26.7909027151588,27.8432940235859,27.9655931186237,28.8716814159292,29.8748645186718,30.8018124507486,31.4990138067061,32.4234092694423
"Oman",NaN,NaN,NaN,NaN,NaN,NaN,NaN,2.40963855421687,2.40963855421687,2.40963855421687,0,0,0,0,1.19047619047619,1.19047619047619,1.19047619047619,1.19047619047619,1.17647058823529,1.17647058823529,1.17647058823529,1.17647058823529,2.32558139534884,2.32558139534884,2.32558139534884
"Other small states",8.9171974522293,8.43373493975903,9.7444089456869,10.6529209621993,10.9278350515464,12.6062322946176,13.3114754098361,13.7463126843658,14.6556798116539,13.7114537444934,14.8354712771891,15.2802359882006,15.2414194299011,15.5995343422584,16.1046511627907,17.0945157526254,17.0874926600117,17.4283973187081,18.6139747995418,19.0101237345332,18.5621685327048,19.9524940617577,20.5184776613348,20.9429824561403,21.7486338797814
"Pakistan",2.30414746543779,2.30414746543779,NaN,NaN,NaN,21.0526315789474,21.6374269005848,21.3450292397661,21.3450292397661,21.3450292397661,21.0526315789474,22.4852071005917,22.2222222222222,22.2222222222222,22.5146198830409,22.5146198830409,20.7430340557276,20.7430340557276,20.5882352941176,20.5882352941176,20.5882352941176,20.2346041055718,20.2346041055718,20.1754385964912,20.1754385964912
"Panama",9.72222222222222,9.72222222222222,NaN,9.85915492957746,9.85915492957746,9.85915492957746,9.85915492957746,16.6666666666667,16.6666666666667,16.6666666666667,16.6666666666667,16.6666666666667,8.45070422535211,8.45070422535211,8.45070422535211,8.45070422535211,8.45070422535211,19.2982456140351,18.3098591549296,18.3098591549296,18.3098591549296,18.3098591549296,21.1267605633803,22.5352112676056,22.5352112676056
"Peru",10.8333333333333,10.8333333333333,10.8333333333333,NaN,18.3333333333333,18.3333333333333,18.3333333333333,18.3333333333333,18.3333333333333,29.1666666666667,29.1666666666667,29.1666666666667,27.5,27.5,21.5384615384615,21.5384615384615,21.5384615384615,22.3076923076923,22.3076923076923,27.6923076923077,27.6923076923077,27.6923076923077,30,26.1538461538462,40
"Philippines",11.0599078341014,12.4423963133641,12.4423963133641,11.2612612612613,17.7570093457944,17.7570093457944,17.7570093457944,15.2542372881356,15.2542372881356,15.2542372881356,20.5020920502092,20.5020920502092,20.9737827715356,22.1428571428571,22.887323943662,22.887323943662,27.3356401384083,27.3356401384083,27.2413793103448,29.7945205479452,29.4520547945205,29.4520547945205,27.9605263157895,27.9605263157895,27.9605263157895
"Palau",0,0,0,0,0,0,0,0,0,0,0,0,0,0,0,0,0,0,0,12.5,12.5,12.5,12.5,6.25,6.25
"Papua New Guinea",1.8348623853211,1.8348623853211,1.8348623853211,1.8348623853211,1.8348623853211,NaN,0.917431192660551,0.917431192660551,0.917431192660551,0.917431192660551,0.917431192660551,0.917431192660551,0.917431192660551,0.917431192660551,0.917431192660551,2.7027027027027,2.7027027027027,2.7027027027027,2.7027027027027,2.7027027027027,0,0,0,0,0
"Poland",13.0434782608696,13.0434782608696,13.0434782608696,13.0434782608696,20.2173913043478,20.2173913043478,20.2173913043478,20.2173913043478,20.4347826086957,20.4347826086957,20.4347826086957,20.2173913043478,20,20,23.695652173913,23.695652173913,23.695652173913,24.3478260869565,27.3913043478261,27.3913043478261,28.0434782608696,28.0434782608696,28.695652173913,28.695652173913,28.322440087146
"Pre-demographic dividend",NaN,NaN,NaN,10.0074128984433,11.2883181441591,12.8239801667794,13.0845040889075,13.6896046852123,15.2867294662039,16.0969546302051,16.6719094054734,17.2176968535378,17.4197569336242,17.194210275171,19.5331325301205,20.1545949040939,21.2546125461255,20.9348056269853,21.8431483578709,22.1409480939654,22.2931666893085,22.0456116102281,22.0113314447592,22.8650137741047,24.0823376997265
"Korea, Dem. People's Rep.",20.0873362445415,20.0873362445415,20.0873362445415,20.0873362445415,20.0873362445415,20.0873362445415,NaN,20.0873362445415,20.0873362445415,20.0873362445415,20.0873362445415,20.0873362445415,15.5749636098981,15.5749636098981,15.5749636098981,15.5749636098981,15.5749636098981,16.3027656477438,16.3027656477438,16.3027656477438,16.3027656477438,16.3027656477438,17.6128093158661,17.6128093158661,17.6128093158661
"Portugal",13.0434782608696,13.0434782608696,18.695652173913,17.3913043478261,18.695652173913,19.1304347826087,19.1304347826087,19.1304347826087,21.304347826087,21.304347826087,28.2608695652174,28.2608695652174,27.3913043478261,27.3913043478261,28.695652173913,28.695652173913,31.304347826087,31.304347826087,34.7826086956522,34.7826086956522,34.7826086956522,34.7826086956522,38.695652173913,40,40
"Paraguay",2.5,NaN,2.5,2.5,2.5,2.5,8.75,10,10,10,10,12.5,12.5,12.5,12.5,12.5,17.5,15,15,15,13.75,15,15,16.25,16.25
"Pacific island small states",2.58620689655172,2.09059233449477,4.6583850931677,NaN,2.94985250737463,3.19767441860465,2.73556231003039,3.58974358974359,3.8560411311054,NaN,NaN,NaN,NaN,NaN,NaN,NaN,NaN,4.86486486486486,5.67567567567568,6.46900269541779,7.27762803234501,7.79569892473118,7.77479892761394,8.10810810810811,7.77479892761394
"Post-demographic dividend",16.8859176191503,17.949298325034,18.2388552559163,19.4174757281553,18.957345971564,20.129270544783,20.7245430809399,21.6704780572798,22.0340788072417,22.7756492124308,23.6576289207868,24.3177232664331,24.7374562427071,24.8542042201251,25.3194207836457,25.9393294305482,27.4780027562811,28.1283886358707,28.5652456178316,28.5621551444336,29.5715666272952,30.4277730008598,31.9724967769661,32.9353554910186,33.519313304721
"Qatar",NaN,NaN,NaN,NaN,NaN,NaN,NaN,NaN,NaN,0,0,0,0,0,0,0,0,0,0,0,9.75609756097561,9.75609756097561,9.75609756097561,9.75609756097561,4.44444444444444
"Romania",7.28862973760933,7.28862973760933,7.28862973760933,NaN,10.7246376811594,10.7246376811594,10.7246376811594,11.4457831325301,11.178247734139,11.178247734139,9.39393939393939,11.377245508982,11.377245508982,11.377245508982,11.2121212121212,13.3495145631068,13.3495145631068,13.5135135135135,13.715710723192,13.715710723192,20.6686930091185,20.6686930091185,21.8844984802432,21.8844984802432,18.5410334346505
"Russian Federation",10.2222222222222,10.2222222222222,NaN,7.70975056689342,7.57238307349666,7.57238307349666,7.57238307349666,9.84340044742729,9.84340044742729,9.84340044742729,14,14,14,14,13.5555555555556,13.5555555555556,13.5555555555556,13.5555555555556,13.5555555555556,12.6666666666667,15.7777777777778,15.7777777777778,15.7777777777778,15.7777777777778,16.2222222222222
"Rwanda",17.1428571428571,17.1428571428571,17.1428571428571,25.7142857142857,25.6756756756757,25.6756756756757,48.75,48.75,48.75,48.75,48.75,56.25,56.25,56.25,56.25,56.25,63.75,63.75,63.75,63.75,61.25,61.25,61.25,61.25,61.25
"South Asia",5.75581395348837,6.05355064027939,7.01030927835052,8.44409695074277,8.12236286919831,9.0909090909091,9.20110192837465,9.01594282572843,13.2764343290659,12.8436018957346,14.2629058009579,18.4424475823706,20.0495049504951,20.0495049504951,20.3375874845616,20.3375874845615,15.7488986784141,19.2387256930079,19.3191140278917,19.391947411668,19.3999177969585,17.1045576407507,18.957345971564,18.9214758751183,18.9867424242424
"Saudi Arabia",NaN,NaN,NaN,NaN,NaN,NaN,0,0,0,0,0,0,0,0,0,0,19.8675496688742,19.8675496688742,19.8675496688742,19.8675496688742,19.8675496688742,19.8675496688742,19.8675496688742,19.8675496688742,19.8675496688742
"Sudan",5.25,5.25,NaN,NaN,9.72222222222222,9.72222222222222,9.72222222222222,9.72222222222222,14.6666666666667,17.7777777777778,18.058690744921,18.058690744921,18.9189189189189,25.5605381165919,24.5762711864407,24.5762711864407,24.5762711864407,24.2937853107345,30.5164319248826,30.5164319248826,30.5164319248826,30.5164319248826,NaN,NaN,NaN
"Senegal",11.6666666666667,12.1428571428571,12.1428571428571,12.1428571428571,16.6666666666667,19.1666666666667,19.1666666666667,19.1666666666667,19.1666666666667,19.1666666666667,22,22,22.6666666666667,22.6666666666667,22.6666666666667,42.6666666666667,42.6666666666667,43.3333333333333,42.6666666666667,42.6666666666667,41.8181818181818,41.8181818181818,41.8181818181818,43.030303030303,43.030303030303
"Singapore",4.76190476190476,4.76190476190476,4.3010752688172,4.3010752688172,11.7647058823529,11.7647058823529,15.9574468085106,15.9574468085106,15.9574468085106,21.1764705882353,24.468085106383,24.468085106383,23.4042553191489,23.4042553191489,22.2222222222222,24.2424242424242,24.2424242424242,25.2525252525253,23.9130434782609,23.7623762376238,23,23,23,29.4736842105263,29.8076923076923
"Solomon Islands",NaN,2.04081632653061,2.04081632653061,2.04081632653061,NaN,0,0,0,0,0,0,0,0,0,0,2,2,2,2,2,2,2.04081632653061,4.08163265306122,6.38297872340426,8
"Sierra Leone",NaN,NaN,8.75,8.75,8.75,NaN,14.5161290322581,14.5161290322581,14.5161290322581,14.5161290322581,13.2231404958678,13.2231404958678,13.2231404958678,13.2231404958678,12.9032258064516,12.396694214876,12.396694214876,12.0967741935484,12.396694214876,12.396694214876,12.396694214876,12.3287671232877,12.3287671232877,12.3287671232877,12.3287671232877
"El Salvador",15.4761904761905,16.6666666666667,16.6666666666667,9.52380952380952,9.52380952380952,9.52380952380952,10.7142857142857,10.7142857142857,10.7142857142857,16.6666666666667,16.6666666666667,16.6666666666667,19.047619047619,19.047619047619,19.047619047619,26.1904761904762,26.1904761904762,27.3809523809524,32.1428571428571,32.1428571428571,32.1428571428571,30.952380952381,30.952380952381,33.3333333333333,27.3809523809524
"San Marino",11.6666666666667,13.3333333333333,13.3333333333333,13.3333333333333,16.6666666666667,16.6666666666667,16.6666666666667,16.6666666666667,16.6666666666667,11.6666666666667,11.6666666666667,15,16.6666666666667,16.6666666666667,18.3333333333333,16.6666666666667,18.3333333333333,18.3333333333333,16.6666666666667,23.3333333333333,26.6666666666667,26.6666666666667,25,33.3333333333333,33.3333333333333
"Somalia",NaN,NaN,NaN,NaN,NaN,NaN,NaN,NaN,8,7.80669144981413,8.203125,8.203125,6.86456400742115,6.77655677655678,6.77655677655678,13.8181818181818,13.8181818181818,13.8181818181818,13.8181818181818,NaN,24.3636363636364,24.3636363636364,24.3636363636364,24.3636363636364,24.3636363636364
"Serbia",NaN,NaN,NaN,NaN,NaN,NaN,NaN,NaN,NaN,12,20.4,21.6,21.6,21.6,22,33.2,33.2,34,34,34,34.4,34.4,37.6518218623482,38.8,39.2
"Sub-Saharan Africa (excluding high income)",10.1092422403329,10.8466507990479,NaN,11.512089498376,12.2242647058824,13.3750422725736,13.6288752433728,14.6699908148537,16.1793121216025,16.5839378897798,17.2793646727296,17.7757755180847,18.4423125473365,18.7161639597835,20.4436229205176,21.2887537993921,22.3753595397891,22.0727945712523,23.5626876010159,23.8199150109108,24.0272808586762,24.0848214285714,24.0890221402214,24.8710131332083,25.9377588451071
"South Sudan",NaN,NaN,NaN,NaN,NaN,NaN,NaN,NaN,NaN,NaN,NaN,NaN,NaN,NaN,26.5060240963855,26.5060240963855,26.5060240963855,26.5060240963855,26.5060240963855,28.4595300261097,28.4595300261097,28.4595300261097,28.4595300261097,28.4595300261097,32.3636363636364
"Sub-Saharan Africa",10.2068965517241,10.9195402298851,NaN,11.5853658536585,12.2828405973789,13.4667114996638,13.7088362390106,14.7354670150229,16.2370142362447,16.6392092257002,17.3064660119883,17.8008458285275,18.4640522875817,18.7371663244353,20.5351663188904,21.3758023495216,22.4570200573066,22.1580435049773,23.6369910282954,23.8100686498856,24.0169321599644,24.0742799955521,24.0781160252728,24.8685901179769,25.9250530285176
"Small states",8.66533864541833,8.15268614514609,9.5479939055358,9.8981077147016,10.3479853479853,11.6490891658677,12.2868386532575,12.8724672228844,13.531746031746,12.9961089494163,13.9171227521501,14.0713706407137,14.0329714515481,13.8944824808699,14.3832864604259,15.1209677419355,15.3036437246964,15.4849225753871,16.9398907103825,17.4566473988439,17.375745526839,18.4978026368358,19.0657045195594,19.9166982203711,20.4828366654093
"Sao Tome and Principe",7.27272727272727,7.27272727272727,9.09090909090909,9.09090909090909,9.09090909090909,NaN,9.09090909090909,9.09090909090909,9.09090909090909,7.27272727272727,1.81818181818182,7.27272727272727,7.27272727272727,18.1818181818182,18.1818181818182,18.1818181818182,18.1818181818182,18.1818181818182,18.1818181818182,18.1818181818182,18.1818181818182,14.5454545454545,14.5454545454545,23.6363636363636,23.6363636363636
"Suriname",15.6862745098039,15.6862745098039,15.6862745098039,NaN,17.6470588235294,17.6470588235294,17.6470588235294,19.6078431372549,25.4901960784314,25.4901960784314,25.4901960784314,25.4901960784314,25.4901960784314,9.80392156862745,11.7647058823529,11.7647058823529,11.7647058823529,11.7647058823529,25.4901960784314,25.4901960784314,25.4901960784314,25.4901960784314,31.3725490196078,29.4117647058824,29.4117647058824
"Slovak Republic",14.6666666666667,14.6666666666667,12.6666666666667,14,14,17.3333333333333,19.3333333333333,16.6666666666667,16.6666666666667,20,19.3333333333333,19.3333333333333,18,15.3333333333333,16,18.6666666666667,18.6666666666667,18.6666666666667,18.6666666666667,20,20,20,20,22.6666666666667,22.6666666666667
"Slovenia",7.77777777777778,7.77777777777778,7.77777777777778,NaN,12.2222222222222,12.2222222222222,12.2222222222222,12.2222222222222,12.2222222222222,12.2222222222222,12.2222222222222,13.3333333333333,14.4444444444444,14.4444444444444,32.2222222222222,32.2222222222222,32.2222222222222,35.5555555555556,36.6666666666667,36.6666666666667,36.6666666666667,24.4444444444444,27.7777777777778,27.7777777777778,26.6666666666667
"Sweden",40.4011461318052,40.4011461318052,42.6934097421203,42.6934097421203,42.6934097421203,44.9856733524355,45.2722063037249,45.2722063037249,45.2722063037249,47.2779369627507,46.9914040114613,46.9914040114613,46.4183381088825,44.9856733524355,44.6991404011461,44.6991404011461,44.9856733524355,44.6991404011461,43.5530085959885,43.5530085959885,43.5530085959885,46.1318051575931,47.2779369627507,46.9914040114613,46.9914040114613
"Eswatini",3.125,3.125,3.07692307692308,3.07692307692308,3.07692307692308,3.07692307692308,10.7692307692308,10.7692307692308,10.7692307692308,10.7692307692308,10.7692307692308,13.8461538461538,13.6363636363636,13.6363636363636,13.6363636363636,13.6363636363636,6.15384615384615,6.15384615384615,6.15384615384615,6.15384615384615,6.15384615384615,7.2463768115942,7.2463768115942,9.58904109589041,9.58904109589041
"Seychelles",27.2727272727273,23.5294117647059,23.5294117647059,23.5294117647059,23.5294117647059,29.4117647058824,29.4117647058824,29.4117647058824,29.4117647058824,29.4117647058824,23.5294117647059,23.5294117647059,23.5294117647059,23.5294117647059,43.75,43.75,43.75,43.75,43.75,21.2121212121212,21.2121212121212,21.2121212121212,21.2121212121212,24.2424242424242,22.8571428571429
"Syrian Arab Republic",9.6,9.6,10.4,10.4,10.4,10.4,12,12,12,12,12,12.4,12.4,12.4,12.4,12,12,12,12.4,13.2,13.2,13.2,13.2,11.2,11.2
"Chad",2.4,2.4,2.4,2.4,2.4,NaN,5.80645161290323,6.45161290322581,6.45161290322581,6.45161290322581,5.16129032258065,5.16129032258065,5.16129032258065,5.16129032258065,12.7659574468085,14.8936170212766,14.8936170212766,14.8936170212766,14.8936170212766,14.8936170212766,12.7659574468085,15.2542372881356,14.8809523809524,15.4320987654321,32.258064516129
"East Asia & Pacific (IDA & IBRD countries)",NaN,17.1707856879381,18.2504719949654,16.9216589861751,17.203723594701,17.8749111584933,16.812303390423,16.7495285444883,16.868085106383,17.2488296723082,17.6808066759388,17.9757785467128,18.7962166809974,18.1034482758621,18.0874840357599,18.4285714285714,19.632678910703,19.2828816920027,20.064178348252,20.2083677856789,20.5111294311624,21.0586505472962,21.1529448523668,21.9014196841601,21.927221614868
"Europe & Central Asia (IDA & IBRD countries)",7.18562874251497,7.70121598147076,NaN,8.62265224815026,10.7617896009673,12.8354348528936,10.6425702811245,12.4209461168733,12.347218757795,12.793373216751,14.8122866894198,15.1031894934334,15.8193372673627,15.8819553953593,16.8845807033363,18.232044198895,18.429203539823,18.8696039163329,18.8864142538975,19.2419175027871,21.1389521640091,21.4511041009464,23.1913455037187,24.3566591422122,25.0056779468544
"Togo",1.23456790123457,1.23456790123457,NaN,4.93827160493827,4.93827160493827,4.93827160493827,7.40740740740741,6.17283950617284,7.40740740740741,8.64197530864197,11.1111111111111,11.1111111111111,11.1111111111111,11.1111111111111,11.1111111111111,11.1111111111111,15.3846153846154,17.5824175824176,17.5824175824176,17.5824175824176,17.5824175824176,17.5824175824176,16.4835164835165,18.6813186813187,18.6813186813187
"Thailand",5.59796437659033,5.59796437659033,5.59796437659033,4.81283422459893,9.2,9.2,9.2,8.83002207505519,10.6,8.67768595041322,11.7400419287212,11.6666666666667,13.3192389006343,13.3192389006343,15.8,15.8,15.8,6.09137055837564,6.09137055837564,6.09137055837564,4.8,5.28455284552846,16.2,15.7464212678937,15.7464212678937
"Tajikistan",2.76243093922652,2.76243093922652,2.76243093922652,15,12.6984126984127,12.6984126984127,12.6984126984127,12.6984126984127,17.4603174603175,17.4603174603175,17.4603174603175,17.4603174603175,17.4603174603175,19.047619047619,19.047619047619,19.047619047619,19.047619047619,16.9491525423729,19.047619047619,19.047619047619,19.047619047619,19.047619047619,19.047619047619,23.8095238095238,23.8095238095238
"Turkmenistan",18,18,NaN,26,26,26,26,NaN,16,16,16,NaN,16.8,16.8,16.8,16.8,16.8,26.4,25.8064516129032,25.8064516129032,25.8064516129032,24.8,25,25,25
"Latin America & the Caribbean (IDA & IBRD countries)",11.2545514730222,12.9065040650407,11.7704280155642,12.6369863013699,11.7627567925779,14.0247678018576,15.395809080326,16.046511627907,17.4847516700552,17.6790830945559,18.689181453921,18.696397941681,19.3566752063763,19.6511627906977,19.5861678004535,21.2868480725624,21.8283035452681,23.9931934203063,24.2691839220463,25.6128486897718,26.5404268109408,27.8008298755187,28.3619258439402,29.5480549199085,31.5323041738136
"Timor-Leste",NaN,NaN,NaN,NaN,NaN,26.1363636363636,26.1363636363636,25.2873563218391,25.2873563218391,25.2873563218391,29.2307692307692,29.2307692307692,29.2307692307692,29.2307692307692,32.3076923076923,38.4615384615385,38.4615384615385,38.4615384615385,38.4615384615385,38.4615384615385,32.3076923076923,33.8461538461538,38.4615384615385,38.4615384615385,38.4615384615385
"Middle East & North Africa (IDA & IBRD countries)",3.9198606271777,3.49361382419234,3.87914957105557,3.88170055452865,3.99556048834628,5.67846607669617,6.01443464314355,6.95721711315475,6.40907697025453,8.63242574257427,8.84900990099011,8.76703841387857,9.0853472009789,10.9831709477414,10.5087014725569,14.1674333026679,16.4200649584987,16.7510853835022,16.9019182048498,17.5671596740115,16.5814023472766,16.9374247894104,16.2686567164179,18.4320766008378,17.0219338894038
"Tonga",0,0,NaN,0,0,NaN,0,0,3.44827586206897,3.33333333333333,3.33333333333333,3.125,3.125,0,3.57142857142857,3.57142857142857,3.57142857142857,0,0,0,7.69230769230769,7.40740740740741,7.40740740740741,7.40740740740741,0
"South Asia (IDA & IBRD)",5.75581395348837,6.05355064027939,7.01030927835052,8.44409695074277,8.12236286919831,9.0909090909091,9.20110192837465,9.01594282572843,13.2764343290659,12.8436018957346,14.2629058009579,18.4424475823706,20.0495049504951,20.0495049504951,20.3375874845615,20.3375874845615,15.7488986784141,19.2387256930079,19.3191140278917,19.391947411668,19.3999177969585,17.1045576407507,18.957345971564,18.9214758751183,18.9867424242424
"Sub-Saharan Africa (IDA & IBRD countries)",10.2068965517241,10.9195402298851,NaN,11.5853658536585,12.2828405973788,13.4667114996638,13.7088362390106,14.7354670150229,16.2370142362447,16.6392092257002,17.3064660119883,17.8008458285275,18.4640522875817,18.7371663244353,20.5351663188904,21.3758023495216,22.4570200573066,22.1580435049773,23.6369910282954,23.8100686498856,24.0169321599644,24.0742799955521,24.0781160252728,24.8685901179769,25.9250530285176
"Trinidad and Tobago",11.1111111111111,11.1111111111111,11.1111111111111,NaN,11.1111111111111,19.4444444444444,19.4444444444444,19.4444444444444,19.4444444444444,19.4444444444444,26.8292682926829,26.8292682926829,26.8292682926829,28.5714285714286,28.5714285714286,28.5714285714286,28.5714285714286,28.5714285714286,30.952380952381,30.952380952381,30.952380952381,30.952380952381,30.952380952381,26.1904761904762,26.1904761904762
"Tunisia",6.74846625766871,7.36196319018405,11.5384615384615,11.5384615384615,11.5384615384615,11.5384615384615,11.5384615384615,22.7513227513228,22.7513227513228,22.7513227513228,22.7513227513228,22.7513227513228,27.5700934579439,27.5700934579439,26.7281105990783,26.7281105990783,26.7281105990783,31.3364055299539,31.3364055299539,31.3364055299539,31.3364055299539,31.3364055299539,22.5806451612903,24.8847926267281,26.2672811059908
"Turkiye",2.36363636363636,2.36363636363636,4.18181818181818,4.18181818181818,4.18181818181818,NaN,4.36363636363636,4.36363636363636,4.36363636363636,4.36363636363636,9.10746812386157,9.10746812386157,9.10746812386157,9.10746812386157,14.1818181818182,14.1818181818182,14.4160583941606,14.4160583941606,14.9090909090909,14.9090909090909,14.5719489981785,17.4496644295302,17.4496644295302,17.3174872665535,17.3333333333333
"Tuvalu",8.33333333333333,NaN,0,0,0,NaN,0,0,0,0,0,0,0,0,6.66666666666667,6.66666666666667,6.66666666666667,6.66666666666667,6.66666666666667,6.66666666666667,6.66666666666667,6.66666666666667,6.25,6.25,6.25
"Tanzania",17.4545454545455,17.4545454545455,16.3636363636364,NaN,22.2627737226277,22.2627737226277,21.3559322033898,21.3559322033898,30.4075235109718,30.4075235109718,30.4075235109718,30.4075235109718,30.6501547987616,NaN,36,36,36,36,36,36.5591397849462,37.1794871794872,37.1794871794872,36.8956743002545,36.71875,36.8556701030928
"Uganda",18.1159420289855,18.1159420289855,17.921146953405,17.7935943060498,24.6710526315789,24.6710526315789,24.6710526315789,23.9344262295082,23.9344262295082,29.8192771084337,30.7228915662651,30.7228915662651,31.4814814814815,31.2883435582822,34.9740932642487,34.9740932642487,34.9740932642487,34.9740932642487,34.9740932642487,33.4894613583138,34.2984409799555,34.2984409799555,34.8583877995643,34.8583877995643,33.8129496402878
"Ukraine",3.77777777777778,NaN,7.77777777777778,7.77777777777778,7.77777777777778,NaN,5.33333333333333,5.33333333333333,5.33333333333333,8.66666666666667,8.22222222222222,8.22222222222222,8,8,8,9.43820224719101,9.43820224719101,11.6666666666667,12.085308056872,12.0192307692308,12.2931442080378,12.2931442080378,20.5188679245283,20.8037825059102,20.8037825059102
"Upper middle income",NaN,15.6121263335798,15.7345862938345,15.3019023986766,15.4773769184772,16.9188734762505,16.8835008870491,17.8823985275598,17.0069267225665,17.8454545454545,18.8389046941678,19.4459386767079,20.2299867315347,20.2146375791696,21.0285085709048,21.8983355825461,22.9215090291436,23.2036065875426,23.5657463734207,24.3139407244786,24.8404107688038,26.1220743460303,26.6583894998226,26.836834175308,27.5656960227273
"Uruguay",7.07070707070707,7.07070707070707,12.1212121212121,12.1212121212121,12.1212121212121,12.1212121212121,12.1212121212121,12.1212121212121,11.1111111111111,11.1111111111111,12.1212121212121,12.1212121212121,14.1414141414141,15.1515151515152,12.1212121212121,12.1212121212121,12.1212121212121,13.1313131313131,16.1616161616162,16.1616161616162,20.2020202020202,20.2020202020202,19.1919191919192,21.2121212121212,24.2424242424242
"United States",11.7241379310345,11.7241379310345,13.3333333333333,NaN,14.0229885057471,13.7931034482759,14.2528735632184,14.9425287356322,15.1724137931034,16.3218390804598,16.7816091954023,17.0114942528736,16.7816091954023,16.7816091954023,16.8202764976959,17.9723502304147,17.8240740740741,19.3103448275862,19.3548387096774,19.1685912240185,19.3548387096774,23.5023041474654,23.4338747099768,27.4647887323944,27.6497695852535
"Uzbekistan",6,6,NaN,7.2,7.2,7.2,7.2,17.5,17.5,17.5,17.5,17.5,22,22,22,22,22,22,16,16,16,16,16,32,32.6530612244898
"St. Vincent and the Grenadines",9.52380952380952,NaN,4.76190476190476,4.76190476190476,NaN,22.7272727272727,22.7272727272727,22.7272727272727,18.1818181818182,18.1818181818182,18.1818181818182,18.1818181818182,21.7391304347826,14.2857142857143,17.3913043478261,17.3913043478261,13.0434782608696,13.0434782608696,13.0434782608696,13.0434782608696,13.0434782608696,13.0434782608696,13.0434782608696,18.1818181818182,18.1818181818182
"Venezuela, RB",5.91133004926108,5.91133004926108,12.1359223300971,NaN,9.6969696969697,9.6969696969697,9.6969696969697,9.6969696969697,17.3652694610778,17.9640718562874,18.562874251497,18.562874251497,17.4698795180723,16.969696969697,16.969696969697,16.969696969697,16.969696969697,16.969696969697,16.969696969697,14.3712574850299,22.1556886227545,22.1556886227545,22.1556886227545,22.1556886227545,22.1556886227545
"Vietnam",26.2222222222222,26.2222222222222,26,26,26,27.3092369477912,27.3092369477912,27.3092369477912,27.3092369477912,27.3092369477912,25.7606490872211,25.7606490872211,25.7606490872211,25.7606490872211,24.4,24.4,24.4,24.2971887550201,24.2971887550201,26.7206477732794,26.7206477732794,26.7206477732794,26.7206477732794,26.7206477732794,30.2605210420842
"Vanuatu",NaN,NaN,0,0,0,1.92307692307692,1.92307692307692,3.84615384615385,3.84615384615385,3.84615384615385,3.84615384615385,3.84615384615385,3.84615384615385,3.84615384615385,1.92307692307692,0,0,0,0,0,0,0,0,0,0
"World",11.6921710616204,13.0708222318607,13.520105471325,13.9044395261034,14.0907008703619,15.1974459115988,15.1792072157607,15.897000565931,16.4745450107136,16.9696642264783,17.8692023015208,18.4427546321088,19.0250865737926,19.157037815126,19.8277667259973,20.7552042977426,21.7774474410703,22.1882965165675,22.8492991579336,23.0913674246322,23.5903366743768,24.0978782716432,24.6366036865178,25.5804311774461,26.1284632146934
"Samoa",4.08163265306122,4.08163265306122,8.16326530612245,8.16326530612245,6.12244897959184,6.12244897959184,6.12244897959184,6.12244897959184,6.12244897959184,6.12244897959184,8.16326530612245,8.16326530612245,8.16326530612245,8.16326530612245,4.08163265306122,4.08163265306122,4.08163265306122,6.12244897959184,6.12244897959184,10,10,10,10,10,7.84313725490196
"Yemen, Rep.",NaN,0.664451827242525,0.664451827242525,0.664451827242525,0.668896321070234,0.668896321070234,0.332225913621262,0.332225913621262,0.332225913621262,0.332225913621262,0.332225913621262,0.332225913621262,0.332225913621262,0.332225913621262,0.332225913621262,0.332225913621262,0.332225913621262,0.332225913621262,0,0,0,0,0.332225913621262,0.332225913621262,0
"South Africa",25,28.75,30,29.8245614035088,29.8245614035088,29.8245614035088,29.8245614035088,32.7787021630616,32.75,32.75,33,33,44.5,44.5,42.25,42.25,42.25,41.5,42,42,41.8367346938776,42.7480916030534,46.3476070528967,46.75,46.5822784810127
"Zambia",9.67741935483871,10.2564102564103,10.126582278481,10.126582278481,10.126582278481,12.0253164556962,12.0253164556962,12.0253164556962,12.6582278481013,14.6496815286624,15.1898734177215,15.1898734177215,14.0127388535032,14.0127388535032,11.4649681528662,11.4649681528662,11.4649681528662,10.7594936708861,12.6582278481013,17.9640718562874,17.9640718562874,17.9640718562874,17.9640718562874,16.7664670658683,15.0602409638554
"Zimbabwe",14.6666666666667,14.6666666666667,14,9.33333333333333,10,10,10,10,16,16.6666666666667,16,15.2380952380952,14.9532710280374,14.9532710280374,14.9532710280374,14.9532710280374,31.4814814814815,31.4814814814815,31.4814814814815,31.4814814814815,32.5757575757576,31.4814814814815,31.8518518518519,31.8518518518519,31.8518518518519
