Country,GDP_Per_Capita_2015,Family_2015,Life_Expectancy_2015,Freedom_2015,Govt_Corruption_2015,Generosity_2015,Happiness_Score_2015,GDP_Per_Capita_2016,Family_2016,Life_Expectancy_2016,Freedom_2016,Govt_Corruption_2016,Generosity_2016,Happiness_Score_2016,GDP_Per_Capita_2017,Family_2017,Life_Expectancy_2017,Freedom_2017,Generosity_2017,Govt_Corruption_2017,Happiness_Score_2017,GDP_Per_Capita_2018,Family_2018,Life_Expectancy_2018,Freedom_2018,Generosity_2018,Govt_Corruption_2018,Happiness_Score_2018,GDP_Per_Capita_2019,Family_2019,Life_Expectancy_2019,Freedom_2019,Generosity_2019,Govt_Corruption_2019,Happiness_Score_2019,GDP_Per_Capita_2020,Family_2020,Life_Expectancy_2020,Freedom_2020,Generosity_2020,Govt_Corruption_2020,Happiness_Score_2020,GDP_Per_Capita_2021,Family_2021,Life_Expectancy_2021,Freedom_2021,Generosity_2021,Govt_Corruption_2021,Happiness_Score_2021,GDP_Per_Capita_2022,Family_2022,Life_Expectancy_2022,Freedom_2022,Generosity_2022,Govt_Corruption_2022,Happiness_Score_2022
Switzerland,1.39651,1.34951,0.94143,0.66557,0.41978,0.29678,7.587,1.52733,1.14524,0.86303,0.58557,0.41203,0.28083,7.509,1.56497955322266,1.51691174507141,0.858131289482117,0.620070576667786,0.290549278259277,0.367007285356522,7.49399995803833,1.42,1.549,0.927,0.66,0.256,0.357,7.487,1.452,1.526,1.052,0.572,0.263,0.343,7.48,10.97993279,0.942846596,74.10244751,0.921336651,0.105911039,0.303728431,7.559899807,11.117,0.942,74.4,0.919,0.025,0.292,7.571,2.026,1.226,0.822,0.677,0.147,0.461,7.512
Iceland,1.30232,1.40223,0.94784,0.62877,0.14145,0.4363,7.561,1.42666,1.18326,0.86733,0.56624,0.14975,0.47678,7.501,1.480633020401,1.6105740070343,0.833552122116089,0.627162635326385,0.475540220737457,0.153526559472084,7.50400018692017,1.343,1.644,0.914,0.677,0.353,0.138,7.495,1.38,1.624,1.026,0.591,0.354,0.118,7.494,10.77255917,0.974669576,73,0.948891878,0.246944219,0.711709738,7.504499912,10.878,0.983,73,0.955,0.16,0.673,7.554,1.936,1.32,0.803,0.718,0.27,0.191,7.557
Denmark,1.32548,1.36058,0.87464,0.64938,0.48357,0.34139,7.527,1.44178,1.16374,0.79504,0.57941,0.44453,0.36171,7.526,1.48238301277161,1.55112159252167,0.792565524578094,0.626006722450256,0.355280488729477,0.40077006816864,7.52199983596802,1.351,1.59,0.868,0.683,0.284,0.408,7.555,1.383,1.573,0.996,0.592,0.252,0.41,7.6,10.77400112,0.955990791,72.40250397,0.951444268,0.066201776,0.168489456,7.645599842,10.933,0.954,72.7,0.946,0.03,0.179,7.62,1.953,1.243,0.777,0.719,0.188,0.532,7.636
Norway,1.459,1.33095,0.88521,0.66973,0.36503,0.34699,7.522,1.57744,1.1269,0.79579,0.59609,0.35776,0.37895,7.498,1.61646318435669,1.53352355957031,0.796666502952576,0.635422587394714,0.36201223731041,0.315963834524155,7.53700017929077,1.456,1.582,0.861,0.686,0.286,0.34,7.594,1.488,1.582,1.028,0.603,0.271,0.341,7.554,11.08780384,0.952486575,73.20078278,0.955750287,0.13453263,0.263218194,7.487999916,11.053,0.954,73.3,0.96,0.093,0.27,7.392,1.997,1.239,0.786,0.728,0.217,0.474,7.365
Canada,1.32629,1.32261,0.90563,0.63297,0.32957,0.45811,7.427,1.44015,1.0961,0.8276,0.5737,0.31329,0.44834,7.404,1.47920441627502,1.48134899139404,0.83455765247345,0.611100912094116,0.435539722442627,0.287371516227722,7.31599998474121,1.33,1.532,0.896,0.653,0.321,0.291,7.328,1.365,1.505,1.039,0.584,0.285,0.308,7.278,10.69236851,0.927176654,73.60160065,0.933913231,0.124770768,0.390843362,7.23210001,10.776,0.926,73.8,0.915,0.089,0.415,7.103,1.886,1.188,0.783,0.659,0.217,0.368,7.025
Finland,1.29025,1.31826,0.88911,0.64169,0.41372,0.23351,7.406,1.40598,1.13464,0.81091,0.57104,0.41004,0.25492,7.413,1.44357192516327,1.5402467250824,0.80915766954422,0.617950856685638,0.24548277258873,0.38261154294014,7.4689998626709,1.305,1.592,0.874,0.681,0.202,0.393,7.632,1.34,1.587,0.986,0.596,0.153,0.393,7.769,10.63926697,0.954329729,71.9008255,0.949172199,-0.059482019,0.195444584,7.808700085,10.775,0.954,72,0.949,-0.098,0.186,7.842,1.892,1.258,0.775,0.736,0.109,0.534,7.821
Netherlands,1.32944,1.28017,0.89284,0.61576,0.31814,0.4761,7.378,1.46468,1.02912,0.81231,0.55211,0.29927,0.47416,7.339,1.50394463539124,1.42893922328949,0.810696125030518,0.585384488105774,0.470489829778671,0.282661825418472,7.3769998550415,1.361,1.488,0.878,0.638,0.333,0.295,7.441,1.396,1.522,0.999,0.557,0.322,0.298,7.488,10.81271172,0.93913883,72.30091858,0.908547819,0.20761244,0.364717126,7.448900223,10.932,0.942,72.4,0.913,0.175,0.338,7.464,1.945,1.206,0.787,0.651,0.271,0.419,7.415
Sweden,1.33171,1.28907,0.91087,0.6598,0.43844,0.36262,7.364,1.45181,1.08764,0.83121,0.58218,0.40867,0.38254,7.291,1.49438726902008,1.47816216945648,0.830875158309937,0.612924098968506,0.385399252176285,0.384398728609085,7.28399991989136,1.355,1.501,0.913,0.659,0.285,0.383,7.314,1.387,1.487,1.009,0.574,0.267,0.373,7.343,10.75879383,0.926311195,72.60076904,0.939144194,0.111614622,0.250880182,7.353499889,10.867,0.934,72.7,0.945,0.086,0.237,7.363,1.92,1.204,0.803,0.724,0.218,0.512,7.384
New Zealand,1.25018,1.31967,0.90837,0.63938,0.42922,0.47501,7.286,1.36066,1.17278,0.83096,0.58147,0.41904,0.49401,7.334,1.40570604801178,1.54819512367249,0.816759705543518,0.614062130451202,0.500005125999451,0.382816702127457,7.31400012969971,1.268,1.601,0.876,0.669,0.365,0.389,7.324,1.303,1.557,1.026,0.585,0.33,0.38,7.307,10.50094318,0.949118972,73.20262909,0.936217487,0.191598073,0.22113885,7.299600124,10.643,0.948,73.4,0.929,0.134,0.242,7.277,1.852,1.235,0.752,0.68,0.245,0.483,7.2
Australia,1.33358,1.30923,0.93156,0.65124,0.35637,0.43562,7.284,1.44443,1.10476,0.8512,0.56837,0.32331,0.47407,7.313,1.484414935112,1.51004195213318,0.84388679265976,0.601607382297516,0.477699249982834,0.301183730363846,7.28399991989136,1.34,1.573,0.91,0.647,0.361,0.302,7.272,1.372,1.548,1.036,0.557,0.332,0.29,7.228,10.72059631,0.944854617,73.60453796,0.915431738,0.19046016,0.41516912,7.222799778,10.796,0.94,73.9,0.914,0.159,0.442,7.183,1.9,1.203,0.772,0.676,0.258,0.341,7.162
Israel,1.22857,1.22393,0.91387,0.41319,0.07785,0.33172,7.278,1.33766,0.99537,0.84917,0.36432,0.08728,0.32288,7.267,1.37538242340088,1.37628996372223,0.83840399980545,0.405988603830338,0.330082654953003,0.0852421000599861,7.21299982070923,1.301,1.559,0.883,0.533,0.354,0.272,6.814,1.276,1.455,1.029,0.371,0.261,0.082,7.139,10.41752529,0.913571239,73.20025635,0.747580588,0.10259372,0.78085506,7.128600121,10.575,0.939,73.503,0.8,0.031,0.753,7.157,1.826,1.221,0.818,0.568,0.155,0.143,7.364
Costa Rica,0.95578,1.23788,0.86027,0.63376,0.10583,0.25497,7.226,1.06879,1.02152,0.76146,0.55225,0.10547,0.22553,7.087,1.10970628261566,1.41640365123749,0.759509265422821,0.580131649971008,0.214613229036331,0.100106589496136,7.0789999961853,1.01,1.459,0.817,0.632,0.143,0.101,7.072,1.034,1.441,0.963,0.558,0.144,0.093,7.167,9.658156395,0.901545942,71.29985046,0.934738934,-0.10242971,0.786332428,7.121399879,9.88,0.891,71.4,0.934,-0.126,0.809,7.069,1.584,1.054,0.744,0.661,0.089,0.102,6.582
Austria,1.33723,1.29704,0.89042,0.62433,0.18676,0.33088,7.2,1.45038,1.08383,0.80565,0.54355,0.21348,0.32865,7.119,1.48709726333618,1.4599449634552,0.815328419208527,0.567766189575195,0.316472321748734,0.221060365438461,7.00600004196167,1.341,1.504,0.891,0.617,0.242,0.224,7.139,1.376,1.475,1.016,0.532,0.244,0.226,7.246,10.7428236,0.928045869,73.00250244,0.899989486,0.085429221,0.499954879,7.294199944,10.906,0.934,73.3,0.908,0.042,0.481,7.268,1.931,1.165,0.774,0.623,0.193,0.329,7.163
Mexico,1.02054,0.91451,0.81444,0.48181,0.21312,0.14074,7.187,1.11508,0.7146,0.71143,0.37709,0.18355,0.11735,6.778,1.15318381786346,1.210862159729,0.709978997707367,0.412730008363724,0.120990432798862,0.132774114608765,6.57800006866455,1.038,1.252,0.761,0.479,0.069,0.095,6.488,1.07,1.323,0.861,0.433,0.074,0.073,6.595,9.797797203,0.838665426,68.29902649,0.858709276,-0.175266623,0.806821585,6.465000153,9.859,0.831,68.597,0.862,-0.147,0.799,6.317,1.552,0.886,0.623,0.621,0.092,0.115,6.128
United States,1.39451,1.24711,0.86179,0.54604,0.1589,0.40105,7.119,1.50796,1.04782,0.779,0.48163,0.14868,0.41077,7.104,1.54625928401947,1.41992056369781,0.77428662776947,0.505740523338318,0.392578780651093,0.135638788342476,6.99300003051758,1.398,1.471,0.819,0.547,0.291,0.133,6.886,1.433,1.457,0.874,0.454,0.28,0.128,6.892,10.92576885,0.914219022,68.29949951,0.842619538,0.149891734,0.699715316,6.939599991,11.023,0.92,68.2,0.837,0.098,0.698,6.951,1.982,1.182,0.628,0.574,0.22,0.177,6.977
Brazil,0.98124,1.23287,0.69702,0.49049,0.17521,0.14574,6.983,1.08754,1.03938,0.61415,0.40425,0.14166,0.15776,6.952,1.10735321044922,1.43130600452423,0.616552352905273,0.437453746795654,0.16234989464283,0.111092761158943,6.63500022888184,0.986,1.474,0.675,0.493,0.11,0.088,6.419,1.004,1.439,0.802,0.39,0.099,0.086,6.3,9.56643486,0.896723807,66.48016357,0.799804807,-0.101812392,0.770601273,6.375599861,9.577,0.882,66.601,0.804,-0.071,0.756,6.33,1.462,1.044,0.615,0.546,0.131,0.134,6.293
Luxembourg,1.56391,1.21963,0.91894,0.61583,0.37798,0.28034,6.946,1.69752,1.03999,0.84542,0.5487,0.35329,0.27571,6.871,1.74194359779358,1.45758366584778,0.845089495182037,0.59662789106369,0.283180981874466,0.31883442401886,6.86299991607666,1.576,1.52,0.896,0.632,0.196,0.321,6.91,1.609,1.479,1.012,0.526,0.194,0.316,7.09,11.45068073,0.906912208,72.59999847,0.90563643,-0.004620588,0.367084295,7.237500191,11.647,0.908,72.6,0.907,-0.034,0.386,7.324,NaN,NaN,NaN,NaN,NaN,NaN,NaN
Ireland,1.33596,1.36948,0.89533,0.61777,0.28703,0.45901,6.94,1.48341,1.16157,0.81455,0.54008,0.29754,0.44963,6.907,1.53570663928986,1.55823111534119,0.80978262424469,0.573110342025757,0.42785832285881,0.29838815331459,6.97700023651123,1.448,1.583,0.876,0.614,0.307,0.306,6.977,1.499,1.553,0.999,0.516,0.298,0.31,7.021,11.16097832,0.942081571,72.30078888,0.886982977,0.145784974,0.357184172,7.093699932,11.342,0.947,72.4,0.879,0.077,0.363,7.085,2.129,1.166,0.779,0.627,0.19,0.408,7.041
Belgium,1.30782,1.28566,0.89667,0.5845,0.2254,0.2225,6.937,1.42539,1.05249,0.81959,0.51354,0.26248,0.2424,6.929,1.46378076076508,1.46231269836426,0.818091869354248,0.539770722389221,0.231503337621689,0.251343131065369,6.89099979400635,1.324,1.483,0.894,0.583,0.188,0.24,6.927,1.356,1.504,0.986,0.473,0.16,0.21,6.923,10.6736393,0.911632538,72.00164795,0.813582063,-0.078691199,0.612297952,6.863500118,10.823,0.906,72.199,0.783,-0.153,0.646,6.834,1.907,1.106,0.764,0.492,0.049,0.204,6.805
United Arab Emirates,1.42727,1.12575,0.80925,0.64157,0.38583,0.26428,6.901,1.57352,0.87114,0.72993,0.56215,0.35561,0.26591,6.573,1.62634336948395,1.26641023159027,0.726798236370087,0.60834527015686,0.3609419465065,0.324489563703537,6.64799976348877,2.096,0.776,0.67,0.284,0.186,NaN,6.774,1.503,1.31,0.825,0.598,0.262,0.182,6.825,11.1099987,0.849181116,67.08278656,0.941345513,0.123450845,0.594502211,6.790800095,11.085,0.844,67.333,0.932,0.074,0.589,6.561,1.998,0.98,0.633,0.702,0.204,0.25,6.576
United Kingdom,1.26637,1.28548,0.90943,0.59625,0.32067,0.51912,6.867,1.40283,1.08672,0.80991,0.50036,0.27399,0.50156,6.725,1.44163393974304,1.49646008014679,0.805335938930511,0.508190035820007,0.492774158716202,0.265428066253662,6.71400022506714,1.244,1.433,0.888,0.464,0.262,0.082,7.19,1.333,1.538,0.996,0.45,0.348,0.278,7.054,10.60013485,0.93668282,72.30160522,0.834743679,0.263732493,0.435915917,7.164500237,10.707,0.934,72.5,0.859,0.233,0.459,7.064,1.867,1.143,0.75,0.597,0.289,0.329,6.943
Venezuela,1.04424,1.25596,0.72052,0.42908,0.11069,0.05841,6.81,1.13367,1.03302,0.61904,0.19847,0.08304,0.0425,6.084,1.12843120098114,1.43133759498596,0.617144227027893,0.153997123241425,0.0650196298956871,0.0644911229610443,5.25,0.996,1.469,0.657,0.133,0.056,0.052,4.806,0.96,1.427,0.805,0.154,0.064,0.047,4.707,8.977793694,0.890408158,66.50534058,0.62327832,-0.169090509,0.837038398,5.053199768,9.073,0.861,66.7,0.615,-0.169,0.827,4.892,0,0.968,0.578,0.283,0.225,0.082,4.925
Singapore,1.52186,1.02,1.02525,0.54252,0.4921,0.31105,6.798,1.64555,0.86758,0.94719,0.4877,0.46987,0.32706,6.739,1.69227766990662,1.35381436347961,0.949492394924164,0.549840569496155,0.345965981483459,0.46430778503418,6.57200002670288,1.529,1.451,1.008,0.631,0.261,0.457,6.343,1.572,1.463,1.141,0.556,0.271,0.453,6.262,11.39552116,0.910268962,76.80458069,0.926645339,0.029879224,0.109784193,6.377099991,11.488,0.915,76.953,0.927,-0.018,0.082,6.377,2.149,1.127,0.851,0.672,0.163,0.587,6.48
Panama,1.06353,1.1985,0.79661,0.5421,0.0927,0.24434,6.786,1.18306,0.98912,0.70835,0.48927,0.08423,0.2418,6.701,1.23374843597412,1.37319254875183,0.706156134605408,0.550026834011078,0.21055693924427,0.070983923971653,6.4520001411438,1.112,1.438,0.759,0.597,0.125,0.063,6.43,1.149,1.442,0.91,0.516,0.109,0.054,6.321,10.03423405,0.902094483,69.60301208,0.880366504,-0.153927714,0.851588905,6.304800034,10.35,0.896,69.652,0.872,-0.166,0.856,6.18,1.715,1.107,0.709,0.592,0.049,0.051,6.309
Germany,1.32792,1.29937,0.89186,0.61477,0.21843,0.28214,6.75,1.44787,1.09774,0.81487,0.53466,0.28551,0.30452,6.994,1.48792338371277,1.47252035140991,0.798950731754303,0.562511384487152,0.336269170045853,0.276731938123703,6.95100021362305,1.34,1.474,0.861,0.586,0.273,0.28,6.965,1.373,1.454,0.987,0.495,0.261,0.265,6.985,10.7328186,0.898874462,72.20201874,0.867371082,0.080179386,0.456422031,7.075799942,10.873,0.903,72.5,0.875,0.011,0.46,7.155,1.924,1.088,0.776,0.585,0.163,0.358,7.034
Chile,1.10715,1.12447,0.85857,0.44132,0.12869,0.33363,6.67,1.2167,0.90587,0.81883,0.37789,0.11451,0.31595,6.705,1.25278460979462,1.28402495384216,0.819479703903198,0.376895278692245,0.326662421226501,0.0822879821062088,6.65199995040894,1.131,1.331,0.808,0.431,0.197,0.061,6.476,1.159,1.369,0.92,0.357,0.187,0.056,6.444,10.0320549,0.879713595,69.90061951,0.744896293,-0.065668367,0.838239431,6.228499889,10.071,0.882,70,0.742,-0.044,0.83,6.172,1.651,1.08,0.748,0.46,0.124,0.069,6.172
Qatar,1.69042,1.0786,0.79733,0.6404,0.52208,0.32573,6.611,1.82427,0.87964,0.71723,0.56679,0.48049,0.32388,6.375,1.87076568603516,1.27429687976837,0.710098087787628,0.604130983352661,0.330473870038986,0.439299255609512,6.375,1.649,1.303,0.748,0.654,0.256,0.171,6.374,1.684,1.313,0.871,0.555,0.22,0.167,6.374,NaN,NaN,NaN,NaN,NaN,NaN,NaN,NaN,NaN,NaN,NaN,NaN,NaN,NaN,NaN,NaN,NaN,NaN,NaN,NaN,NaN
France,1.27778,1.26038,0.94579,0.55011,0.20646,0.12332,6.575,1.39488,1.00508,0.83795,0.46562,0.17808,0.1216,6.478,1.43092346191406,1.38777685165405,0.844465851783752,0.470222115516663,0.129762306809425,0.172502428293228,6.44199991226196,1.293,1.466,0.908,0.52,0.098,0.176,6.489,1.324,1.472,1.045,0.436,0.111,0.183,6.592,10.58422279,0.937103748,73.80193329,0.825467646,-0.130641967,0.583521128,6.663799763,10.704,0.942,74,0.822,-0.147,0.571,6.69,1.863,1.219,0.808,0.567,0.07,0.266,6.687
Argentina,1.05351,1.24823,0.78723,0.44974,0.08484,0.11451,6.574,1.15137,1.06612,0.69711,0.42284,0.07296,0.10989,6.65,1.18529546260834,1.44045114517212,0.695137083530426,0.494519203901291,0.109457060694695,0.059739887714386,6.59899997711182,1.073,1.468,0.744,0.57,0.062,0.054,6.388,1.092,1.432,0.881,0.471,0.066,0.05,6.086,9.810955048,0.900567949,68.80380249,0.831132412,-0.194913864,0.842009842,5.974699974,9.962,0.898,69,0.828,-0.182,0.834,5.929,1.592,1.102,0.662,0.555,0.081,0.085,5.967
Czech Republic,1.17898,1.20643,0.84483,0.46364,0.02652,0.10686,6.505,1.30915,1.00793,0.76376,0.41418,0.03986,0.09929,6.596,1.35268235206604,1.43388521671295,0.754444003105164,0.490946173667908,0.0881067588925362,0.0368729270994663,6.60900020599365,1.233,1.489,0.854,0.543,0.064,0.034,6.711,1.269,1.487,0.92,0.457,0.046,0.036,6.852,10.40416336,0.914430678,70.04793549,0.818537354,-0.230861515,0.85844624,6.910900116,10.556,0.947,70.807,0.858,-0.208,0.868,6.965,NaN,NaN,NaN,NaN,NaN,NaN,NaN
Uruguay,1.06166,1.2089,0.8116,0.60362,0.24558,0.2324,6.485,1.18157,1.03143,0.72183,0.54388,0.21394,0.18056,6.545,1.21755969524384,1.41222786903381,0.719216823577881,0.57939225435257,0.175096929073334,0.178061872720718,6.4539999961853,1.093,1.459,0.771,0.625,0.13,0.155,6.379,1.124,1.465,0.891,0.523,0.127,0.15,6.293,9.948192596,0.92281127,69.00254822,0.892395437,-0.101103112,0.635994136,6.440100193,9.966,0.925,69.1,0.896,-0.092,0.59,6.431,1.615,1.18,0.672,0.665,0.103,0.265,6.474
Colombia,0.91861,1.24018,0.69077,0.53466,0.0512,0.18401,6.477,1.03032,1.02169,0.59659,0.44735,0.05399,0.15626,6.481,1.07062232494354,1.4021829366684,0.595027923583984,0.477487415075302,0.149014472961426,0.0466687418520451,6.35699987411499,0.96,1.439,0.635,0.531,0.099,0.039,6.26,0.985,1.41,0.841,0.47,0.099,0.034,6.125,9.500369072,0.884440243,67.69958496,0.836179912,-0.161235645,0.86457181,6.163400173,9.557,0.847,68.001,0.837,-0.135,0.841,6.012,1.452,0.929,0.72,0.545,0.087,0.077,5.781
Thailand,0.9669,1.26504,0.7385,0.55664,0.03187,0.5763,6.455,1.0893,1.04477,0.64915,0.49553,0.02833,0.58696,6.474,1.12786877155304,1.42579245567322,0.647239029407501,0.580200731754303,0.572123110294342,0.0316127352416515,6.42399978637695,1.016,1.417,0.707,0.637,0.364,0.029,6.072,1.05,1.409,0.828,0.557,0.359,0.028,6.008,9.741791725,0.889973223,67.25059509,0.905063033,0.268685192,0.886272311,5.998799801,9.805,0.888,67.401,0.884,0.287,0.895,5.985,1.535,1.096,0.697,0.617,0.321,0.026,5.891
Saudi Arabia,1.39541,1.08393,0.72025,0.31048,0.32524,0.13706,6.411,1.48953,0.84829,0.59267,0.37904,0.30008,0.15457,6.379,1.53062355518341,1.28667759895325,0.590148329734802,0.449750572443008,0.147616013884544,0.27343225479126,6.3439998626709,1.379,1.331,0.633,0.509,0.098,0.127,6.371,1.403,1.357,0.795,0.439,0.08,0.132,6.375,10.79781246,0.874067068,66.30514526,0.854191244,-0.168695062,0.682619512,6.406499863,10.743,0.891,66.603,0.877,-0.149,0.684,6.494,1.87,1.092,0.577,0.651,0.078,0.18,6.523
Spain,1.23011,1.31379,0.95562,0.45951,0.06398,0.18227,6.329,1.34253,1.12945,0.87896,0.37545,0.06137,0.17665,6.361,1.38439786434174,1.53209090232849,0.888960599899292,0.408781230449677,0.190133571624756,0.0709140971302986,6.40299987792969,1.251,1.538,0.965,0.449,0.142,0.074,6.31,1.286,1.484,1.062,0.362,0.153,0.079,6.354,10.46292686,0.921125412,74.40270996,0.751989543,-0.050961714,0.765859902,6.400899887,10.571,0.932,74.7,0.761,-0.081,0.745,6.491,1.808,1.211,0.808,0.505,0.101,0.149,6.476
Malta,1.2074,1.30203,0.88721,0.60365,0.13586,0.51752,6.302,1.30782,1.09879,0.80315,0.54994,0.17554,0.56237,6.488,1.34327983856201,1.48841166496277,0.821944236755371,0.588767051696777,0.574730575084686,0.153066068887711,6.52699995040894,1.27,1.525,0.884,0.645,0.376,0.142,6.627,1.3,1.52,0.999,0.564,0.375,0.151,6.726,10.53383827,0.93037951,72.19999695,0.924911439,0.214965805,0.658547282,6.772799969,10.674,0.931,72.2,0.927,0.133,0.653,6.602,1.838,1.169,0.789,0.679,0.174,0.166,6.447
Taiwan,1.29098,1.07617,0.8753,0.3974,0.08129,0.25376,6.298,1.39729,0.92624,0.79565,0.32377,0.0663,0.25495,6.379,NaN,NaN,NaN,NaN,NaN,NaN,NaN,1.365,1.436,0.857,0.418,0.151,0.078,6.441,1.368,1.43,0.914,0.351,0.242,0.097,6.446,NaN,NaN,NaN,NaN,NaN,NaN,NaN,NaN,NaN,NaN,NaN,NaN,NaN,NaN,NaN,NaN,NaN,NaN,NaN,NaN,NaN
Kuwait,1.55422,1.16594,0.72492,0.55499,0.25609,0.16228,6.295,1.61714,0.87758,0.63569,0.43166,0.23669,0.15965,6.239,1.63295245170593,1.25969874858856,0.632105708122253,0.496337592601776,0.228289797902107,0.215159550309181,6.10500001907349,1.474,1.301,0.675,0.554,0.167,0.106,6.083,1.5,1.319,0.808,0.493,0.142,0.097,6.021,11.08982468,0.846475244,66.76764679,0.872366488,-0.100184701,0.760849059,6.102099895,10.817,0.843,66.9,0.867,-0.104,0.736,6.106,NaN,NaN,NaN,NaN,NaN,NaN,NaN
Trinidad and Tobago,1.21183,1.18354,0.61483,0.55884,0.0114,0.31844,6.168,1.32572,0.98569,0.52608,0.48453,0.01241,0.31935,6.168,1.36135590076447,1.3802285194397,0.519983291625977,0.518630743026733,0.325296461582184,0.0089648161083459,6.16800022125244,NaN,NaN,NaN,NaN,NaN,NaN,NaN,NaN,NaN,NaN,NaN,NaN,NaN,NaN,10.26000214,0.91529417,63.5,0.857907116,0.000526841,0.912230611,6.191899776,NaN,NaN,NaN,NaN,NaN,NaN,NaN,NaN,NaN,NaN,NaN,NaN,NaN,NaN
El Salvador,0.76454,1.02507,0.67737,0.4035,0.11776,0.10692,6.13,0.8737,0.80975,0.596,0.37269,0.10613,0.08877,6.068,0.909784495830536,1.18212509155273,0.596018552780151,0.432452529668808,0.0782579854130745,0.0899809598922729,6.00299978256226,0.806,1.231,0.639,0.461,0.065,0.082,6.167,0.794,1.242,0.789,0.43,0.093,0.074,6.253,8.909075737,0.806092262,66.10826111,0.833805263,-0.121072978,0.754319906,6.34829998,9.054,0.762,66.402,0.888,-0.11,0.688,6.061,1.265,0.768,0.607,0.666,0.089,0.212,6.12
Guatemala,0.74553,1.04356,0.64425,0.57733,0.09472,0.27489,6.123,0.83454,0.87119,0.54039,0.50379,0.08701,0.28808,6.324,0.872001945972443,1.25558519363403,0.540239989757538,0.531310617923737,0.283488392829895,0.0772232785820961,6.4539999961853,0.781,1.268,0.608,0.604,0.179,0.071,6.382,0.8,1.269,0.746,0.535,0.175,0.078,6.436,8.924805641,0.816621482,64.8089447,0.908147573,-0.042938665,0.783237457,6.398900032,9.053,0.813,64.958,0.906,-0.038,0.775,6.435,NaN,NaN,NaN,NaN,NaN,NaN,NaN
Uzbekistan,0.63244,1.34043,0.59772,0.65821,0.30826,0.22837,6.003,0.73591,1.1681,0.50163,0.60848,0.28333,0.34326,5.987,0.786441087722778,1.54896914958954,0.498272627592087,0.658248662948608,0.415983647108078,0.246528223156929,5.97100019454956,0.719,1.584,0.605,0.724,0.328,0.259,6.096,0.745,1.529,0.756,0.631,0.322,0.24,6.174,8.740371704,0.926595807,65.10757446,0.974998116,0.248427153,0.501497388,6.257599831,8.836,0.918,65.255,0.97,0.311,0.515,6.179,1.219,1.092,0.6,0.716,0.283,0.24,6.063
Slovakia,1.16891,1.26999,0.78902,0.31751,0.03431,0.16893,5.995,1.27973,1.08268,0.70367,0.23391,0.02947,0.13837,6.078,1.32539355754852,1.50505924224854,0.712732911109924,0.295817464590073,0.136544480919838,0.0242108516395092,6.09800004959106,1.21,1.537,0.776,0.354,0.118,0.014,6.173,1.246,1.504,0.881,0.334,0.121,0.014,6.198,10.34774971,0.922493756,68.90634155,0.749952674,-0.124409303,0.918096125,6.280600071,10.369,0.936,69.201,0.766,-0.124,0.911,6.331,1.736,1.232,0.707,0.479,0.118,0.025,6.391
Japan,1.27074,1.25712,0.99111,0.49615,0.1806,0.10705,5.987,1.38007,1.06054,0.91491,0.46761,0.18985,0.10224,5.921,1.41691517829895,1.43633782863617,0.913475871086121,0.505625545978546,0.12057276815176,0.163760736584663,5.92000007629395,1.294,1.462,0.988,0.553,0.079,0.15,5.915,1.327,1.419,1.088,0.445,0.069,0.14,5.886,10.57968903,0.883545935,75.00096893,0.809961379,-0.246910349,0.654558063,5.870800018,10.611,0.884,75.1,0.796,-0.258,0.638,5.94,1.835,1.089,0.866,0.537,0.007,0.218,6.039
South Korea,1.24461,0.95774,0.96538,0.33208,0.07857,0.18557,5.984,1.35948,0.72194,0.88645,0.25168,0.07716,0.18824,5.835,1.40167844295502,1.12827444076538,0.900214076042175,0.257921665906906,0.206674367189407,0.0632826685905457,5.83799982070923,1.266,1.204,0.955,0.244,0.175,0.051,5.875,1.301,1.219,1.036,0.159,0.175,0.056,5.895,10.51056671,0.799387157,73.6027298,0.612965107,-0.043404032,0.789067447,5.872399807,10.651,0.799,73.9,0.672,-0.083,0.727,5.845,1.851,0.886,0.841,0.414,0.111,0.176,5.935
Ecuador,0.86402,0.99903,0.79075,0.48574,0.1809,0.11541,5.975,0.97306,0.85974,0.68613,0.4027,0.18037,0.10074,5.976,1.00082039833069,1.28616881370544,0.685636222362518,0.4551981985569,0.150112465023994,0.140134647488594,6.00799989700317,0.889,1.33,0.736,0.556,0.114,0.12,5.973,0.912,1.312,0.868,0.498,0.126,0.087,6.028,9.246058464,0.836418986,68.50003815,0.859828949,-0.127014965,0.801215112,5.925199986,9.313,0.821,68.8,0.842,-0.124,0.843,5.764,1.352,0.879,0.708,0.565,0.08,0.083,5.533
Bahrain,1.32376,1.21624,0.74716,0.45492,0.306,0.17362,5.96,1.44024,0.94397,0.65696,0.47375,0.25772,0.17147,6.218,1.48841226100922,1.32311046123505,0.653133034706116,0.536746919155121,0.172668486833572,0.257042169570923,6.08699989318848,1.338,1.366,0.698,0.594,0.243,0.123,6.105,1.362,1.368,0.871,0.536,0.255,0.11,6.199,10.67638016,0.876342118,68.5,0.905855775,0.13372919,0.7393471,6.227300167,10.669,0.862,69.495,0.925,0.089,0.722,6.647,1.854,1.029,0.625,0.693,0.199,0.155,6.647
Italy,1.25114,1.19777,0.95446,0.26236,0.02901,0.22823,5.948,1.35495,1.04167,0.85102,0.18827,0.02556,0.16684,5.977,1.39506661891937,1.44492328166962,0.853144347667694,0.256450712680817,0.17278964817524,0.0280280914157629,5.96400022506714,1.264,1.501,0.946,0.281,0.137,0.028,6,1.294,1.488,1.039,0.231,0.158,0.03,6.223,10.48183632,0.889878571,73.60168457,0.66465199,-0.043460999,0.873404682,6.38740015,10.623,0.88,73.8,0.693,-0.084,0.866,6.483,1.834,1.052,0.801,0.412,0.085,0.059,6.467
Bolivia,0.68133,0.97841,0.5392,0.57414,0.088,0.20536,5.89,0.79422,0.83779,0.4697,0.50961,0.07746,0.21698,5.822,0.833756566047668,1.22761905193329,0.473630249500275,0.558732926845551,0.22556072473526,0.0604777261614799,5.82299995422363,0.751,1.223,0.508,0.606,0.141,0.054,5.752,0.776,1.209,0.706,0.511,0.137,0.064,5.779,8.851115227,0.803108692,63.6004715,0.875873327,-0.09168113,0.822606206,5.747499943,9.046,0.81,63.901,0.875,-0.077,0.839,5.716,1.256,0.88,0.555,0.627,0.112,0.064,5.6
Moldova,0.59448,1.01528,0.61826,0.32818,0.01615,0.20951,5.889,0.69177,0.83132,0.52309,0.25202,0.01903,0.19997,5.897,0.728870630264282,1.25182557106018,0.589465200901031,0.240729048848152,0.208779126405716,0.0100912861526012,5.83799982070923,0.657,1.301,0.62,0.232,0.171,0,5.64,0.685,1.328,0.739,0.245,0.181,0,5.529,8.776714325,0.843313575,65.01301575,0.721609175,-0.037741039,0.913314283,5.607500076,9.454,0.857,65.699,0.822,-0.079,0.918,5.766,1.417,1.008,0.597,0.561,0.102,0.028,5.857
Paraguay,0.75985,1.30477,0.66098,0.53899,0.08242,0.3424,5.878,0.89373,1.11111,0.58295,0.46235,0.07396,0.25296,5.538,0.932537317276001,1.50728487968445,0.579250693321228,0.473507791757584,0.224150657653809,0.091065913438797,5.49300003051758,0.835,1.522,0.615,0.541,0.162,0.074,5.681,0.855,1.475,0.777,0.514,0.184,0.08,5.743,9.389982224,0.898727894,65.63993835,0.885923445,0.007997713,0.834788501,5.692100048,9.448,0.893,65.9,0.876,0.028,0.882,5.653,1.409,1.13,0.624,0.629,0.171,0.059,5.578
Kazakhstan,1.12254,1.12241,0.64368,0.51649,0.08454,0.11827,5.855,1.22943,0.95544,0.57386,0.4052,0.11132,0.15011,5.919,1.28455626964569,1.38436901569366,0.606041550636292,0.437454283237457,0.201964423060417,0.119282886385918,5.81899976730347,1.143,1.516,0.631,0.454,0.148,0.121,5.79,1.173,1.508,0.729,0.41,0.146,0.096,5.809,10.11465836,0.934744895,64.60996246,0.811601937,-0.068488635,0.764490843,6.057899952,10.155,0.952,65.2,0.853,-0.069,0.733,6.152,1.668,1.22,0.611,0.584,0.134,0.157,6.234
Slovenia,1.18498,1.27385,0.87337,0.60855,0.03787,0.25328,5.848,1.29947,1.05613,0.79151,0.53164,0.03635,0.25738,5.768,1.3412059545517,1.45251882076263,0.790828227996826,0.572575807571411,0.242649093270302,0.0451289787888527,5.75799989700317,1.219,1.506,0.856,0.633,0.16,0.051,5.948,1.258,1.523,0.953,0.564,0.144,0.057,6.118,10.39232254,0.939575672,71.1029892,0.936142623,-0.080603383,0.817071021,6.363399982,10.529,0.948,71.4,0.949,-0.101,0.806,6.461,1.81,1.249,0.769,0.685,0.118,0.115,6.63
Lithuania,1.14723,1.25745,0.73128,0.21342,0.01031,0.02641,5.833,1.2692,1.06411,0.64674,0.18929,0.0182,0.02025,5.813,1.31458234786987,1.47351610660553,0.62894994020462,0.234231784939766,0.010164656676352,0.0118656428530812,5.90199995040894,1.197,1.527,0.716,0.35,0.026,0.006,5.952,1.238,1.515,0.818,0.291,0.043,0.042,6.149,10.34362602,0.926107109,67.29407501,0.747381449,-0.219725296,0.809583843,6.215499878,10.499,0.935,67.906,0.773,-0.203,0.826,6.255,1.804,1.204,0.659,0.496,0.053,0.077,6.446
Nicaragua,0.59325,1.14184,0.74314,0.55475,0.19317,0.27815,5.828,0.69384,0.89521,0.65213,0.46582,0.16292,0.29773,5.992,0.737299203872681,1.28721570968628,0.653095960617065,0.447551846504211,0.301674216985703,0.130687981843948,6.07100009918213,0.668,1.319,0.7,0.527,0.208,0.128,6.141,0.694,1.325,0.835,0.435,0.2,0.127,6.105,8.493160248,0.857497036,67.50717926,0.863902867,0.020959141,0.665950119,6.13710022,8.62,0.864,67.657,0.836,0.02,0.664,5.972,1.105,1.029,0.617,0.617,0.168,0.212,6.165
Peru,0.90019,0.97459,0.73017,0.41496,0.05989,0.14982,5.824,0.99602,0.81255,0.62994,0.37502,0.05292,0.14527,5.743,1.03522527217865,1.21877038478851,0.630166113376617,0.450002878904343,0.126819714903831,0.0470490865409374,5.71500015258789,0.934,1.249,0.674,0.53,0.092,0.034,5.663,0.96,1.274,0.854,0.455,0.083,0.027,5.697,9.456313133,0.831075251,68.10023499,0.824766099,-0.16238822,0.893714964,5.796800137,9.458,0.832,68.25,0.822,-0.154,0.891,5.84,1.397,0.865,0.735,0.545,0.09,0.037,5.559
Belarus,1.03192,1.23289,0.73608,0.37938,0.1909,0.11046,5.813,1.13062,1.04993,0.63104,0.29091,0.17457,0.13942,5.802,1.15655755996704,1.44494521617889,0.637714266777039,0.295400261878967,0.15513750910759,0.156313821673393,5.56899976730347,1.039,1.498,0.7,0.307,0.101,0.154,5.483,1.067,1.465,0.789,0.235,0.094,0.142,5.323,9.779945374,0.90674746,66.10433197,0.639163077,-0.164926544,0.63571167,5.539899826,9.853,0.91,66.253,0.65,-0.18,0.627,5.534,NaN,NaN,NaN,NaN,NaN,NaN,NaN
Poland,1.12555,1.27948,0.77903,0.53122,0.04212,0.16759,5.791,1.24585,1.04685,0.69058,0.4519,0.055,0.14443,5.835,1.29178786277771,1.44571197032928,0.699475347995758,0.520342111587524,0.158465966582298,0.0593078061938286,5.97300004959106,1.176,1.448,0.781,0.546,0.108,0.064,6.123,1.206,1.438,0.884,0.483,0.117,0.05,6.182,10.26512432,0.874257445,69.31113434,0.862055779,-0.205084071,0.686927021,6.186299801,10.382,0.898,69.702,0.841,-0.165,0.735,6.166,1.758,1.174,0.712,0.523,0.124,0.14,6.123
Malaysia,1.12486,1.07023,0.72394,0.53024,0.10501,0.33075,5.77,1.25142,0.88025,0.62366,0.39031,0.09081,0.41474,6.005,1.29121541976929,1.28464603424072,0.618784427642822,0.402264982461929,0.416608929634094,0.0656007081270218,6.08400011062622,1.161,1.258,0.669,0.356,0.311,0.059,6.322,1.221,1.171,0.828,0.508,0.26,0.024,5.339,10.26251888,0.816509426,67.10215759,0.894626856,0.114726797,0.839302301,5.384300232,10.238,0.817,67.102,0.895,0.125,0.839,5.384,1.689,0.938,0.62,0.654,0.213,0.126,5.711
Croatia,1.08254,0.79624,0.78805,0.25883,0.0243,0.05444,5.759,1.18649,0.60809,0.70524,0.23907,0.04002,0.18434,5.488,1.22255623340607,0.96798300743103,0.701288521289825,0.255772292613983,0.248002976179123,0.0431031100451946,5.29300022125244,1.115,1.161,0.737,0.38,0.12,0.039,5.321,1.155,1.266,0.914,0.296,0.119,0.022,5.432,10.07087517,0.874623716,70.21490479,0.714838803,-0.128538325,0.916495264,5.504700184,10.217,0.924,70.799,0.754,-0.118,0.939,5.882,1.705,1.183,0.709,0.535,0.109,0,6.125
Libya,1.13145,1.11862,0.7038,0.41668,0.11023,0.18295,5.754,1.06688,0.95076,0.52304,0.40672,0.10339,0.17087,5.615,1.10180306434631,1.35756433010101,0.520169019699097,0.465733230113983,0.152073666453362,0.0926102101802826,5.52500009536743,0.985,1.35,0.553,0.496,0.116,0.148,5.566,1.044,1.303,0.673,0.416,0.133,0.152,5.525,9.789815903,0.825942934,62.29999924,0.773157001,-0.085054487,0.668779135,5.488800049,9.622,0.827,62.3,0.771,-0.087,0.667,5.41,NaN,NaN,NaN,NaN,NaN,NaN,NaN
Russia,1.13764,1.23617,0.66926,0.36679,0.03005,0.00199,5.716,1.23228,1.05261,0.58991,0.32682,0.03586,0.02736,5.856,1.28177809715271,1.46928238868713,0.547349333763123,0.373783111572266,0.0522638224065304,0.0329628810286522,5.96299982070923,1.151,1.479,0.599,0.399,0.065,0.025,5.81,1.183,1.452,0.726,0.334,0.082,0.031,5.648,10.12887192,0.903150737,64.10045624,0.729892612,-0.151153743,0.864802599,5.546000004,10.189,0.903,64.703,0.718,-0.111,0.845,5.477,1.685,1.095,0.586,0.401,0.117,0.08,5.459
Jamaica,0.81038,1.15102,0.68741,0.50442,0.02299,0.2123,5.709,0.89333,0.96372,0.59469,0.43597,0.04294,0.22245,5.51,0.925579309463501,1.36821806430817,0.641022384166718,0.474307239055634,0.233818337321281,0.0552677810192108,5.31099987030029,0.819,1.493,0.693,0.575,0.096,0.031,5.89,0.831,1.478,0.831,0.49,0.107,0.028,5.89,9.006250381,0.915701866,67.09999847,0.858068526,-0.125106767,0.888890028,5.889800072,9.186,0.877,67.5,0.89,-0.137,0.884,6.309,1.296,1.045,0.646,0.567,0.08,0.053,5.85
North Cyprus,1.20806,1.07008,0.92356,0.49027,0.1428,0.26169,5.695,1.31141,0.81826,0.84142,0.43596,0.16578,0.26322,5.771,1.3469113111496,1.18630337715149,0.834647238254547,0.471203625202179,0.266845703125,0.155353352427483,5.80999994277954,NaN,NaN,NaN,NaN,NaN,NaN,NaN,NaN,NaN,NaN,NaN,NaN,NaN,NaN,10.40570259,0.820356607,73.70222473,0.79529351,0.000227159,0.62611568,5.53550005,10.576,0.82,73.898,0.795,0.012,0.626,5.536,NaN,NaN,NaN,NaN,NaN,NaN,NaN
Cyprus,1.20813,0.89318,0.92356,0.40672,0.06146,0.30638,5.689,1.31857,0.70697,0.8488,0.29507,0.05228,0.27906,5.546,1.35593807697296,1.13136327266693,0.84471470117569,0.355111539363861,0.271254301071167,0.0412379764020443,5.62099981307983,1.229,1.191,0.909,0.423,0.202,0.035,5.762,1.263,1.223,1.042,0.406,0.19,0.041,6.046,10.40570259,0.805996239,73.70222473,0.779858291,0.043731496,0.856271744,6.15899992,10.576,0.802,73.898,0.763,-0.015,0.844,6.223,1.815,0.909,0.819,0.448,0.123,0.062,6.221
Algeria,0.93929,1.07772,0.61766,0.28579,0.17383,0.07822,5.605,1.05266,0.83309,0.61804,0.21006,0.16157,0.07044,6.355,1.09186446666718,1.1462174654007,0.617584645748138,0.233335807919502,0.0694366469979286,0.146096110343933,5.87200021743774,0.979,1.154,0.687,0.077,0.055,0.135,5.295,1.002,1.16,0.785,0.086,0.073,0.114,5.211,9.537964821,0.803385139,65.90517426,0.466610909,-0.121105164,0.735485137,5.005099773,9.342,0.802,66.005,0.48,-0.067,0.752,4.887,1.363,0.97,0.643,0.146,0.106,0.15,5.122
Kosovo,0.80148,0.81198,0.63132,0.24749,0.04741,0.2831,5.589,0.90145,0.66062,0.54,0.14396,0.06547,0.27992,5.401,0.951484382152557,1.13785350322723,0.541452050209045,0.260287940502167,0.319931447505951,0.0574716180562973,5.27899980545044,0.855,1.23,0.578,0.448,0.274,0.023,5.662,0.882,1.232,0.758,0.489,0.262,0.006,6.1,9.204429626,0.820726514,63.88555527,0.861535907,0.190933764,0.922328293,6.325200081,9.318,0.821,63.813,0.869,0.257,0.917,6.372,1.362,0.949,0.569,0.599,0.309,0.035,6.455
Turkmenistan,0.95847,1.22668,0.53886,0.4761,0.30844,0.16979,5.548,1.08017,1.03817,0.44006,0.37408,0.28467,0.22567,5.658,1.13077676296234,1.49314916133881,0.437726080417633,0.41827192902565,0.24992498755455,0.259270340204239,5.82200002670288,1.016,1.533,0.517,0.417,0.199,0.037,5.636,1.052,1.538,0.657,0.394,0.244,0.028,5.247,9.74803257,0.958966196,62.21170807,0.826457024,0.187671542,0.883691847,5.119100094,9.629,0.983,62.409,0.877,0.273,0.888,5.066,NaN,NaN,NaN,NaN,NaN,NaN,NaN
Mauritius,1.00761,0.98521,0.7095,0.56066,0.07521,0.37744,5.477,1.14372,0.75695,0.66189,0.46145,0.05203,0.36951,5.648,1.18939554691315,1.20956099033356,0.638007462024689,0.491247326135635,0.360933750867844,0.0421815551817417,5.62900018692017,1.09,1.387,0.684,0.584,0.245,0.05,5.891,1.12,1.402,0.798,0.498,0.215,0.06,5.888,9.956786156,0.910357833,66.40434265,0.889534533,-0.018318573,0.805343091,6.101299763,10.008,0.905,66.701,0.867,-0.054,0.789,6.049,1.591,1.116,0.568,0.589,0.131,0.107,6.071
Hong Kong,1.38604,1.05818,1.01328,0.59608,0.37124,0.39478,5.474,1.5107,0.87021,0.95277,0.48079,0.31647,0.40097,5.458,NaN,NaN,NaN,NaN,NaN,NaN,NaN,1.405,1.29,1.03,0.524,0.246,0.291,5.43,1.438,1.277,1.122,0.44,0.258,0.287,5.43,NaN,NaN,NaN,NaN,NaN,NaN,NaN,NaN,NaN,NaN,NaN,NaN,NaN,NaN,NaN,NaN,NaN,NaN,NaN,NaN,NaN
Estonia,1.15174,1.22791,0.77361,0.44888,0.15184,0.0868,5.429,1.27964,1.05163,0.68098,0.41511,0.18519,0.08423,5.517,1.32087934017181,1.47667109966278,0.695168316364288,0.479131430387497,0.0988908112049103,0.183248922228813,5.61100006103516,1.2,1.532,0.737,0.553,0.086,0.174,5.739,1.237,1.528,0.874,0.495,0.103,0.161,5.893,10.34001732,0.934729993,68.60495758,0.87770915,-0.111697771,0.623073816,6.021800041,10.481,0.941,68.8,0.909,-0.106,0.527,6.189,1.793,1.232,0.728,0.689,0.123,0.333,6.341
Indonesia,0.82827,1.08708,0.63793,0.46611,0,0.51535,5.399,0.95104,0.87625,0.49374,0.39237,0.00322,0.56521,5.314,0.995538592338562,1.27444469928741,0.492345720529556,0.443323463201523,0.611704587936401,0.0153171354904771,5.26200008392334,0.899,1.215,0.522,0.538,0.484,0.018,5.093,0.931,1.203,0.66,0.491,0.498,0.028,5.192,9.36975193,0.808379889,62.15584946,0.870614409,0.519586504,0.876296401,5.285600185,9.365,0.811,62.236,0.873,0.542,0.867,5.345,1.382,0.883,0.539,0.62,0.468,0.047,5.24
Vietnam,0.63216,0.91226,0.74676,0.59444,0.10441,0.1686,5.36,0.74037,0.79117,0.66157,0.55954,0.11556,0.25075,5.061,0.788547575473785,1.27749133110046,0.652168989181519,0.571055591106415,0.234968051314354,0.0876332372426987,5.07399988174438,0.715,1.365,0.702,0.618,0.177,0.079,5.103,0.741,1.346,0.851,0.543,0.147,0.073,5.175,8.809545517,0.849987149,67.9527359,0.939592957,-0.094533332,0.79642123,5.353499889,8.973,0.85,68.034,0.94,-0.098,0.796,5.411,1.252,0.932,0.611,0.707,0.143,0.105,5.485
Turkey,1.06098,0.94632,0.73172,0.22815,0.15746,0.12253,5.332,1.16492,0.87717,0.64718,0.23889,0.12348,0.04707,5.389,1.19827437400818,1.33775317668915,0.637605607509613,0.300740599632263,0.0466930419206619,0.0996715798974037,5.5,1.148,1.38,0.686,0.324,0.106,0.109,5.483,1.183,1.36,0.808,0.195,0.083,0.106,5.373,10.12941933,0.826313555,66.90281677,0.608830452,-0.171046436,0.748197377,5.131800175,10.24,0.822,67.199,0.576,-0.139,0.776,4.948,1.707,0.865,0.702,0.209,0.087,0.115,4.744
Kyrgyzstan,0.47428,1.15115,0.65088,0.43477,0.04232,0.3003,5.286,0.56044,0.95434,0.55449,0.40212,0.04762,0.38432,5.185,0.596220076084137,1.39423859119415,0.553457796573639,0.454943388700485,0.42858037352562,0.0394391790032387,5.00400018692017,0.53,1.416,0.594,0.54,0.281,0.035,5.131,0.551,1.438,0.723,0.508,0.3,0.023,5.261,8.148405075,0.887228489,64.10601044,0.909374893,0.154772058,0.888396084,5.541500092,8.538,0.893,64.401,0.935,0.119,0.908,5.744,1.069,1.109,0.638,0.693,0.208,0.025,5.828
Nigeria,0.65435,0.90432,0.16007,0.34334,0.0403,0.27233,5.268,0.75216,0.64498,0.05108,0.27854,0.0305,0.23219,4.875,0.783756256103516,1.21577048301697,0.0569157302379608,0.394952565431595,0.230947196483612,0.0261215660721064,5.07399988174438,0.689,1.172,0.048,0.462,0.201,0.032,5.155,0.696,1.111,0.245,0.426,0.215,0.041,5.265,8.57662487,0.73721689,49.86190796,0.759578407,0.033745807,0.861874342,4.724100113,8.533,0.74,50.102,0.737,0.037,0.878,4.759,1.079,0.732,0.3,0.444,0.175,0.038,4.552
Bhutan,0.77042,1.10395,0.57407,0.53206,0.15445,0.47998,5.253,0.8527,0.90836,0.49759,0.46074,0.1616,0.48546,5.196,0.885416388511658,1.34012651443481,0.495879292488098,0.501537680625916,0.474054545164108,0.173380389809608,5.01100015640259,0.796,1.335,0.527,0.541,0.364,0.171,5.082,0.813,1.321,0.604,0.457,0.37,0.167,5.082,NaN,NaN,NaN,NaN,NaN,NaN,NaN,NaN,NaN,NaN,NaN,NaN,NaN,NaN,NaN,NaN,NaN,NaN,NaN,NaN,NaN
Azerbaijan,1.02389,0.93793,0.64045,0.3703,0.16065,0.07799,5.212,1.12373,0.76042,0.54504,0.35327,0.17914,0.0564,5.291,1.15360176563263,1.15240025520325,0.540775775909424,0.398155838251114,0.0452693402767181,0.180987507104874,5.23400020599365,1.024,1.161,0.603,0.43,0.031,0.176,5.201,1.043,1.147,0.769,0.351,0.035,0.182,5.208,9.687726974,0.819308281,65.50839996,0.786824107,-0.240255281,0.55253756,5.164800167,9.569,0.836,65.656,0.814,-0.223,0.506,5.171,NaN,NaN,NaN,NaN,NaN,NaN,NaN
Pakistan,0.59543,0.41411,0.51466,0.12102,0.10464,0.33671,5.194,0.68816,0.26135,0.40306,0.14622,0.1388,0.31185,5.132,0.72688353061676,0.672690689563751,0.402047783136368,0.23521526157856,0.315446019172668,0.124348066747189,5.26900005340576,0.652,0.81,0.424,0.334,0.216,0.113,5.472,0.677,0.886,0.535,0.313,0.22,0.098,5.653,8.482727051,0.689062297,58.25313568,0.734833717,0.04489987,0.745705426,5.69329977,8.458,0.651,58.709,0.726,0.098,0.787,4.934,1.049,0.413,0.374,0.448,0.181,0.112,4.516
Jordan,0.90198,1.05392,0.69639,0.40661,0.14293,0.11053,5.192,0.99673,0.86216,0.60712,0.36023,0.13297,0.14262,5.303,0.991012394428253,1.23908889293671,0.604590058326721,0.418421149253845,0.172170460224152,0.11980327218771,5.33599996566772,0.822,1.265,0.645,0.468,0.13,0.134,5.161,0.837,1.225,0.815,0.383,0.11,0.13,4.906,9.025999069,0.80216372,66.79975128,0.75104779,-0.162565202,0.700344324,4.633399963,9.182,0.767,67,0.755,-0.167,0.705,4.395,1.324,0.724,0.675,0.476,0.058,0.2,4.152
Montenegro,0.97438,0.90557,0.72521,0.1826,0.14296,0.1614,5.192,1.07838,0.74173,0.63533,0.15111,0.12721,0.17191,5.161,1.12112903594971,1.23837649822235,0.667464673519135,0.194989055395126,0.197911024093628,0.0881741940975189,5.23699998855591,1.017,1.279,0.729,0.259,0.111,0.081,5.347,1.051,1.361,0.871,0.197,0.142,0.08,5.523,9.751860619,0.855314612,68.50534821,0.649565637,-0.075600356,0.783121586,5.54610014,9.94,0.858,68.699,0.708,-0.034,0.812,5.581,1.573,1.023,0.659,0.46,0.135,0.077,5.547
China,0.89012,0.94675,0.81658,0.51697,0.02781,0.08185,5.14,1.0278,0.79381,0.73561,0.44012,0.02745,0.04959,5.245,1.08116579055786,1.16083741188049,0.741415500640869,0.472787708044052,0.0288068410009146,0.0227942746132612,5.27299976348877,0.989,1.142,0.799,0.597,0.029,0.103,5.246,1.029,1.125,0.893,0.521,0.058,0.1,5.191,9.688568115,0.798760593,69.2891922,0.898517907,-0.18142575,0.7539711,5.123899937,9.673,0.811,69.593,0.904,-0.146,0.755,5.339,1.508,0.958,0.705,0.656,0.099,0.142,5.585
Zambia,0.47038,0.91612,0.29924,0.48827,0.12468,0.19591,5.129,0.61202,0.6376,0.23573,0.42662,0.11479,0.17866,4.795,0.636406779289246,1.00318729877472,0.257835894823074,0.461603492498398,0.249580144882202,0.0782135501503944,4.51399993896484,0.562,1.047,0.295,0.503,0.221,0.082,4.377,0.578,1.058,0.426,0.431,0.247,0.087,4.107,8.224720001,0.698824465,55.29937744,0.806500256,0.078037128,0.801289678,3.759399891,8.145,0.708,55.809,0.782,0.061,0.823,4.073,0.93,0.577,0.306,0.525,0.203,0.083,3.76
Romania,1.04345,0.88588,0.7689,0.35068,0.00649,0.13748,5.124,1.1697,0.72803,0.67602,0.36712,0.00679,0.12889,5.528,1.21768391132355,1.15009129047394,0.685158312320709,0.457003742456436,0.133519917726517,0.00438790069893,5.82499980926514,1.116,1.219,0.726,0.528,0.088,0.001,5.945,1.162,1.232,0.825,0.462,0.083,0.005,6.07,10.107584,0.825161517,67.20723724,0.842823207,-0.19781521,0.934300244,6.123700142,10.284,0.832,67.355,0.845,-0.219,0.938,6.14,1.719,1.006,0.655,0.605,0.039,0.006,6.477
Serbia,0.92053,1.00964,0.74836,0.20107,0.02617,0.19231,5.123,1.03437,0.81329,0.6458,0.15718,0.04339,0.20737,5.177,1.06931757926941,1.25818979740143,0.65078467130661,0.208715528249741,0.220125883817673,0.0409037806093693,5.39499998092651,0.975,1.369,0.685,0.288,0.134,0.043,5.398,1.004,1.383,0.854,0.282,0.137,0.039,5.603,9.680980682,0.881475747,68.21020508,0.726495862,-0.073676221,0.843509018,5.77820015,9.787,0.873,68.6,0.778,0.002,0.835,6.078,1.55,1.086,0.658,0.546,0.219,0.088,6.178
Portugal,1.15991,1.13935,0.87519,0.51469,0.01078,0.13719,5.102,1.27607,0.94367,0.79363,0.44727,0.01521,0.11691,5.123,1.3151752948761,1.36704301834106,0.795843541622162,0.498465299606323,0.0951027125120163,0.0158694516867399,5.19500017166138,1.188,1.429,0.884,0.562,0.055,0.017,5.41,1.221,1.431,0.999,0.508,0.047,0.025,5.693,10.26374245,0.886590719,72.40202332,0.888747811,-0.220714301,0.892629504,5.910900116,10.421,0.879,72.6,0.892,-0.244,0.887,5.929,1.76,1.078,0.777,0.655,0.016,0.039,6.016
Latvia,1.11312,1.09562,0.72437,0.29671,0.06332,0.18226,5.098,1.21788,0.95025,0.63952,0.27996,0.0889,0.17445,5.56,1.26074862480164,1.40471494197845,0.638566970825195,0.325707912445068,0.153074786067009,0.0738427266478539,5.84999990463257,1.148,1.454,0.671,0.363,0.092,0.066,5.933,1.187,1.465,0.812,0.264,0.075,0.064,5.94,10.17531967,0.918288589,66.8074646,0.671237648,-0.186888844,0.795580089,5.949999809,10.315,0.927,67.1,0.715,-0.162,0.8,6.032,1.732,1.221,0.637,0.502,0.075,0.09,6.18
Philippines,0.70532,1.03516,0.58114,0.62545,0.12279,0.24991,5.073,0.81217,0.87877,0.47036,0.54854,0.11757,0.21674,5.279,0.85769921541214,1.25391757488251,0.468009054660797,0.585214674472809,0.193513423204422,0.0993318930268288,5.42999982833862,0.775,1.312,0.513,0.643,0.12,0.105,5.524,0.807,1.293,0.657,0.558,0.117,0.107,5.631,8.993545532,0.846730053,61.92676163,0.915463448,-0.105463006,0.733634114,6.006000042,9.076,0.83,62,0.917,-0.097,0.742,5.88,1.268,0.912,0.514,0.678,0.107,0.142,5.904
Morocco,0.73479,0.64095,0.60954,0.41691,0.08546,0.07172,5.013,0.84058,0.38595,0.59471,0.25646,0.08404,0.04053,5.151,0.878114581108093,0.774864435195923,0.59771066904068,0.408158332109451,0.0322099551558495,0.0877631828188896,5.2350001335144,0.779,0.797,0.669,0.46,0.026,0.074,5.254,0.801,0.782,0.782,0.418,0.036,0.076,5.208,8.940313339,0.592628479,65.89624023,0.772072434,-0.240377247,0.815724611,5.094799995,8.903,0.56,66.208,0.774,-0.236,0.801,4.918,1.208,0.268,0.565,0.492,0.02,0.102,5.06
Macedonia,0.91851,1.00232,0.73545,0.33457,0.05327,0.22359,5.007,1.0193,0.78236,0.64738,0.27668,0.07047,0.23507,5.121,1.06457793712616,1.20789301395416,0.644948184490204,0.325905978679657,0.25376096367836,0.0602777935564518,5.17500019073486,0.959,1.239,0.691,0.394,0.173,0.052,5.185,NaN,NaN,NaN,NaN,NaN,NaN,NaN,9.510591507,0.820392311,67.50442505,0.738840938,-0.019877451,0.897490501,5.159800053,NaN,NaN,NaN,NaN,NaN,NaN,NaN,NaN,NaN,NaN,NaN,NaN,NaN,NaN
Mozambique,0.08308,1.02626,0.09131,0.34037,0.15603,0.22269,4.971,NaN,NaN,NaN,NaN,NaN,NaN,NaN,0.234305649995804,0.870701014995575,0.106654435396194,0.480791091918945,0.322228103876114,0.179436385631561,4.55000019073486,0.198,0.902,0.173,0.531,0.206,0.158,4.417,0.204,0.986,0.39,0.494,0.197,0.138,4.466,7.069345951,0.723874032,54.20582199,0.864451885,0.032375868,0.683019102,4.623600006,7.158,0.744,54.706,0.882,0.061,0.684,4.794,0.578,0.66,0.191,0.593,0.185,0.2,5.048
Albania,0.87867,0.80434,0.81325,0.35733,0.06413,0.14272,4.959,0.9553,0.50163,0.73007,0.31866,0.05301,0.1684,4.655,0.996192753314972,0.803685247898102,0.731159746646881,0.381498634815216,0.201312944293022,0.0398642159998417,4.64400005340576,0.916,0.817,0.79,0.419,0.149,0.032,4.586,0.947,0.848,0.874,0.383,0.178,0.027,4.719,9.417930603,0.671070457,68.70813751,0.781994224,-0.042309489,0.896303713,4.882699966,9.52,0.697,68.999,0.785,-0.03,0.901,5.117,1.439,0.646,0.719,0.511,0.138,0.028,5.199
Bosnia and Herzegovina,0.83223,0.91916,0.79081,0.09245,0.00227,0.24808,4.949,0.93383,0.64367,0.70766,0.09511,0,0.29889,5.163,0.982409417629242,1.0693359375,0.705186307430267,0.204403176903725,0.328867495059967,0,5.18200016021729,0.915,1.078,0.758,0.28,0.216,0,5.129,0.945,1.212,0.845,0.212,0.263,0.006,5.386,9.455817223,0.829204142,67.80813599,0.651352704,0.098274559,0.933769107,5.674099922,9.59,0.87,68.098,0.706,0.113,0.931,5.813,1.468,1.068,0.665,0.448,0.244,0.006,5.768
Lesotho,0.37545,1.04103,0.07612,0.31767,0.12504,0.16388,4.898,NaN,NaN,NaN,NaN,NaN,NaN,NaN,0.521021246910095,1.19009518623352,0,0.390661299228668,0.157497271895409,0.119094640016556,3.80800008773804,0.472,1.215,0.079,0.423,0.116,0.112,3.808,0.489,1.169,0.168,0.359,0.107,0.093,3.802,7.960488319,0.780495703,48.00362396,0.738125861,-0.145732045,0.857392073,3.652800083,7.926,0.787,48.7,0.715,-0.131,0.915,3.512,NaN,NaN,NaN,NaN,NaN,NaN,NaN
Dominican Republic,0.89537,1.17202,0.66825,0.57672,0.14234,0.21684,4.885,1.02787,0.99496,0.57669,0.52259,0.12372,0.21286,5.155,1.07937383651733,1.40241670608521,0.574873745441437,0.55258983373642,0.186967849731445,0.113945253193378,5.23000001907349,0.982,1.441,0.614,0.578,0.12,0.106,5.302,1.015,1.401,0.779,0.497,0.113,0.101,5.425,9.664880753,0.882085383,65.80748749,0.866202772,-0.131263286,0.755999923,5.689199924,9.802,0.853,66.102,0.86,-0.133,0.714,5.545,1.538,1.003,0.577,0.606,0.084,0.179,5.737
Laos,0.59066,0.73803,0.54909,0.59591,0.24249,0.42192,4.876,0.68042,0.5497,0.38291,0.52168,0.22423,0.43079,4.876,NaN,NaN,NaN,NaN,NaN,NaN,NaN,0.72,1.034,0.441,0.626,0.23,0.174,4.623,0.764,1.03,0.551,0.547,0.266,0.164,4.796,8.79858017,0.737502217,58.70992279,0.907213569,0.11137148,0.634679317,4.888599873,8.947,0.728,58.968,0.91,0.123,0.658,5.03,1.239,0.654,0.479,0.679,0.197,0.184,5.14
Mongolia,0.82819,1.3006,0.60268,0.43626,0.02666,0.3323,4.874,0.98853,1.08983,0.55469,0.35972,0.03285,0.34539,4.907,1.02723586559296,1.4930112361908,0.557783484458923,0.394143968820572,0.338464230298996,0.0329022891819477,4.95499992370605,0.914,1.517,0.575,0.395,0.253,0.032,5.125,0.948,1.531,0.667,0.317,0.235,0.038,5.285,9.412186623,0.937142491,62.30448532,0.693351328,0.098093867,0.863511205,5.456200123,9.4,0.935,62.5,0.708,0.116,0.856,5.677,1.393,1.197,0.467,0.398,0.247,0.059,5.761
Swaziland,0.71206,1.07284,0.07566,0.30658,0.0306,0.18259,4.867,NaN,NaN,NaN,NaN,NaN,NaN,NaN,NaN,NaN,NaN,NaN,NaN,NaN,NaN,NaN,NaN,NaN,NaN,NaN,NaN,NaN,0.811,1.149,0,0.313,0.074,0.135,4.212,9.16267395,0.770290196,51.18823624,0.646822274,-0.19920142,0.708263338,4.308100224,9.065,0.77,50.833,0.647,-0.185,0.708,4.308,NaN,NaN,NaN,NaN,NaN,NaN,NaN
Greece,1.15406,0.92933,0.88213,0.07699,0.01397,0,4.857,1.24886,0.75473,0.80029,0.05822,0.04127,0,5.033,1.28948748111725,1.23941457271576,0.810198903083801,0.0957312509417534,0,0.04328977689147,5.22700023651123,1.154,1.202,0.879,0.131,0,0.044,5.358,1.181,1.156,0.999,0.067,0,0.034,5.287,10.13232613,0.814380348,72.40525818,0.541345119,-0.300907373,0.859931409,5.514999866,10.279,0.823,72.6,0.582,-0.288,0.823,5.723,1.703,0.98,0.774,0.249,0.015,0.108,5.948
Lebanon,1.02564,0.80001,0.83947,0.33916,0.04582,0.21854,4.839,1.12268,0.64184,0.76171,0.26228,0.03061,0.23693,5.129,1.07498753070831,1.12962424755096,0.735081076622009,0.288515985012054,0.264450758695602,0.037513829767704,5.22499990463257,0.965,1.179,0.785,0.503,0.214,0.136,5.358,0.987,1.224,0.815,0.216,0.166,0.027,5.197,9.3617239,0.824338138,67.10658264,0.551357508,-0.06121527,0.90225625,4.771500111,9.626,0.848,67.355,0.525,-0.073,0.898,4.584,1.392,0.498,0.631,0.103,0.082,0.034,2.955
Hungary,1.12094,1.20215,0.75905,0.32112,0.02758,0.128,4.8,1.24142,0.93164,0.67608,0.1977,0.04472,0.099,5.145,1.2860119342804,1.34313309192657,0.687763452529907,0.175863519310951,0.0784016624093056,0.0366369374096394,5.32399988174438,1.171,1.401,0.732,0.259,0.061,0.022,5.62,1.201,1.41,0.828,0.199,0.081,0.02,5.758,10.24924374,0.921934128,67.60997009,0.718964577,-0.194323018,0.892916501,6.000400066,10.358,0.943,68,0.755,-0.186,0.876,5.992,1.748,1.233,0.668,0.485,0.078,0.064,6.086
Honduras,0.59532,0.95348,0.6951,0.40148,0.06825,0.23027,4.788,0.69429,0.75596,0.58383,0.26755,0.06906,0.2044,4.871,0.730573117733002,1.14394497871399,0.582569479942322,0.348079860210419,0.236188873648643,0.0733454525470734,5.18100023269653,0.62,1.205,0.622,0.459,0.197,0.074,5.504,0.642,1.236,0.828,0.507,0.246,0.078,5.86,8.424534798,0.821870148,67.19876862,0.870603263,0.086969115,0.801131904,5.953199863,8.648,0.812,67.3,0.857,0.081,0.809,5.919,1.111,0.885,0.555,0.582,0.202,0.076,6.022
Tajikistan,0.39047,0.85563,0.57379,0.47216,0.15072,0.22974,4.786,0.48835,0.75602,0.53119,0.43408,0.13509,0.25998,4.996,0.524713635444641,1.27146327495575,0.529235124588013,0.471566706895828,0.248997643589973,0.146377146244049,5.04099988937378,0.474,1.166,0.598,0.292,0.187,0.034,5.199,0.493,1.098,0.718,0.389,0.23,0.144,5.467,8.024810791,0.835297108,64.10459137,0.831383407,-0.025088511,0.592076063,5.555699825,8.091,0.86,64.281,0.832,-0.056,0.553,5.466,0.966,1.005,0.518,0.572,0.118,0.304,5.377
Tunisia,0.88113,0.60429,0.73793,0.26268,0.06358,0.06431,4.739,0.97724,0.43165,0.59577,0.23553,0.0817,0.03936,5.045,1.00726580619812,0.868351459503174,0.613212049007416,0.289680689573288,0.0496933571994305,0.0867231488227844,4.80499982833862,0.9,0.906,0.69,0.271,0.04,0.063,4.592,0.921,1,0.815,0.167,0.059,0.055,4.461,9.314972878,0.688718557,66.89785767,0.593361557,-0.216413811,0.867590249,4.392199993,9.266,0.691,67.201,0.656,-0.201,0.87,4.596,1.35,0.596,0.656,0.316,0.029,0.029,4.516
Palestinian Territories,0.59867,0.92558,0.66015,0.24499,0.12905,0.11251,4.715,0.67024,0.71629,0.56844,0.17744,0.10613,0.11154,4.754,0.716249227523804,1.15564715862274,0.565666973590851,0.25471106171608,0.114173173904419,0.0892826020717621,4.77500009536743,0.642,1.217,0.602,0.266,0.086,0.076,4.743,0.657,1.247,0.672,0.225,0.103,0.066,4.696,8.389223099,0.825295925,62.25,0.645791829,-0.162079096,0.824199975,4.552800179,8.485,0.826,62.25,0.653,-0.163,0.821,4.517,NaN,NaN,NaN,NaN,NaN,NaN,NaN
Bangladesh,0.39753,0.43106,0.60164,0.4082,0.12569,0.21222,4.694,0.54177,0.24749,0.52989,0.39778,0.12583,0.19132,4.643,0.586682975292206,0.735131740570068,0.533241033554077,0.478356659412384,0.172255352139473,0.123717859387398,4.60799980163574,0.532,0.85,0.579,0.58,0.153,0.144,4.5,0.562,0.928,0.723,0.527,0.166,0.143,4.456,8.287063599,0.687292993,64.50306702,0.90062499,-0.033664726,0.661843538,4.832799911,8.454,0.693,64.8,0.877,-0.041,0.682,5.025,1.06,0.614,0.581,0.622,0.125,0.187,5.155
Iran,1.0088,0.54447,0.69805,0.30033,0.05863,0.38086,4.686,1.11758,0.38857,0.64232,0.22544,0.0557,0.38538,4.813,1.15687310695648,0.711551249027252,0.639333188533783,0.249322608113289,0.387242913246155,0.048761073499918,4.69199991226196,1.059,0.771,0.691,0.459,0.282,0.129,4.707,1.1,0.842,0.785,0.305,0.27,0.125,4.548,9.813719749,0.694689691,66.00614929,0.647873282,0.117891103,0.714635968,4.672399998,9.584,0.71,66.3,0.608,0.218,0.714,4.721,1.41,0.741,0.642,0.281,0.241,0.146,4.888
Ukraine,0.79907,1.20278,0.6739,0.25123,0.02961,0.15275,4.681,0.87287,1.01413,0.58628,0.12859,0.01829,0.20363,4.324,0.89465194940567,1.39453756809235,0.575903952121735,0.122974775731564,0.270061463117599,0.0230294708162546,4.09600019454956,0.793,1.413,0.609,0.163,0.187,0.011,4.103,0.82,1.39,0.739,0.178,0.187,0.01,4.332,9.010690689,0.878879368,64.60678101,0.663081884,-0.030933706,0.920636714,4.56069994,9.436,0.888,64.902,0.724,-0.011,0.924,4.875,1.411,1.081,0.583,0.473,0.188,0.017,5.084
Iraq,0.98549,0.81889,0.60237,0,0.13788,0.17922,4.677,1.07474,0.59205,0.51076,0.24856,0.13636,0.19589,4.575,1.10271048545837,0.978613197803497,0.501180469989777,0.288555532693863,0.19963726401329,0.107215754687786,4.49700021743774,1.01,0.971,0.536,0.304,0.148,0.095,4.456,1.043,0.98,0.574,0.241,0.148,0.089,4.437,9.661095619,0.747694969,59.90354919,0.633182645,-0.06956476,0.82226181,4.784800053,9.24,0.746,60.583,0.63,-0.053,0.875,4.854,1.289,0.682,0.554,0.328,0.147,0.046,4.941
South Africa,0.92049,1.18468,0.27688,0.33207,0.08884,0.11973,4.642,1.02416,0.96053,0.18611,0.42483,0.08415,0.13656,4.459,1.05469870567322,1.38478863239288,0.187080070376396,0.479246735572815,0.139362379908562,0.0725094974040985,4.8289999961853,0.94,1.41,0.33,0.516,0.103,0.056,4.724,0.96,1.351,0.469,0.389,0.13,0.055,4.722,9.403370857,0.852532268,56.50601196,0.759330094,-0.109777324,0.843423843,4.814099789,9.403,0.86,56.904,0.749,-0.067,0.86,4.956,1.425,1.088,0.361,0.442,0.089,0.046,5.194
Ghana,0.54558,0.67954,0.40132,0.42342,0.04355,0.23087,4.633,0.63107,0.49353,0.29681,0.40973,0.0326,0.21203,4.276,0.667224824428558,0.873664736747742,0.295637726783752,0.423026293516159,0.256923943758011,0.0253363698720932,4.11999988555908,0.592,0.896,0.337,0.499,0.212,0.029,4.657,0.611,0.868,0.486,0.381,0.245,0.04,4.996,8.350645065,0.728601098,57.20398712,0.794796526,0.094170853,0.847964764,5.147999763,8.58,0.727,57.586,0.807,0.123,0.848,5.088,1.112,0.595,0.409,0.5,0.23,0.056,4.872
Zimbabwe,0.271,1.03276,0.33475,0.25861,0.08079,0.18987,4.61,0.35041,0.71478,0.1595,0.25429,0.08582,0.18503,4.193,0.375846534967422,1.08309590816498,0.196763753890991,0.336384207010269,0.189143493771553,0.0953753814101219,3.875,0.357,1.094,0.248,0.406,0.132,0.099,3.692,0.366,1.114,0.433,0.361,0.151,0.089,3.663,7.865711689,0.763092756,55.61725998,0.711457908,-0.072063953,0.81023699,3.299200058,7.943,0.75,56.201,0.677,-0.047,0.821,3.145,0.947,0.69,0.27,0.329,0.106,0.105,2.995
Liberia,0.0712,0.78968,0.34201,0.28531,0.06232,0.24362,4.571,0.10706,0.50353,0.23165,0.25748,0.04852,0.24063,3.622,0.119041793048382,0.872117936611176,0.229918196797371,0.332881182432175,0.26654988527298,0.0389482490718365,3.53299999237061,0.076,0.858,0.267,0.419,0.206,0.03,3.495,0.073,0.922,0.443,0.37,0.233,0.033,3.975,7.054380417,0.70928055,56.09631348,0.735268712,0.04227322,0.856375933,4.557899952,7.288,0.72,56.498,0.735,0.05,0.85,4.625,NaN,NaN,NaN,NaN,NaN,NaN,NaN
India,0.64499,0.38174,0.51529,0.39786,0.08492,0.26475,4.565,0.74036,0.29247,0.45091,0.40285,0.08722,0.25028,4.404,0.792221248149872,0.754372596740723,0.455427616834641,0.469987004995346,0.231538489460945,0.0922268852591515,4.31500005722046,0.721,0.747,0.485,0.539,0.172,0.093,4.19,0.755,0.765,0.588,0.498,0.2,0.085,4.015,8.849823952,0.592200935,60.21518707,0.881444871,0.057551607,0.772042692,3.573299885,8.755,0.603,60.633,0.893,0.089,0.774,3.819,1.167,0.376,0.471,0.647,0.198,0.123,3.777
Sudan,0.52107,1.01404,0.36878,0.10081,0.1466,0.19062,4.55,0.63069,0.81928,0.29759,0,0.10039,0.18077,4.139,0.65951669216156,1.21400856971741,0.290920823812485,0.0149958552792668,0.182317450642586,0.089847519993782,4.13899993896484,0.605,1.24,0.312,0.016,0.134,0.082,4.139,NaN,NaN,NaN,NaN,NaN,NaN,NaN,NaN,NaN,NaN,NaN,NaN,NaN,NaN,NaN,NaN,NaN,NaN,NaN,NaN,NaN,NaN,NaN,NaN,NaN,NaN,NaN,NaN
Haiti,0.26673,0.74302,0.38847,0.24425,0.17175,0.46187,4.518,0.34097,0.29561,0.27494,0.12072,0.14476,0.47958,4.028,0.368610262870789,0.640449821949005,0.277321130037308,0.0303698573261499,0.489203780889511,0.0998721495270729,3.6029999256134,0.315,0.714,0.289,0.025,0.392,0.104,3.582,0.323,0.688,0.449,0.026,0.419,0.11,3.597,7.411329269,0.593247831,55.59862518,0.537825167,0.40053457,0.684767246,3.720799923,7.477,0.54,55.7,0.593,0.422,0.721,3.615,NaN,NaN,NaN,NaN,NaN,NaN,NaN
Congo (Kinshasa),0,1.0012,0.09806,0.22605,0.07625,0.24834,4.517,0.05661,0.80676,0.188,0.15602,0.06075,0.25458,4.272,0.0921023488044739,1.22902345657349,0.191407024860382,0.235961347818375,0.246455833315849,0.0602413564920425,4.28000020980835,0.069,1.136,0.204,0.312,0.197,0.052,4.245,0.094,1.125,0.357,0.269,0.212,0.053,4.418,6.694256306,0.672159016,52.90000153,0.700793564,0.083637655,0.809403598,4.31099987,NaN,NaN,NaN,NaN,NaN,NaN,NaN,NaN,NaN,NaN,NaN,NaN,NaN,NaN
Nepal,0.35997,0.86449,0.56874,0.38282,0.05907,0.32296,4.514,0.44626,0.69699,0.50073,0.37012,0.07008,0.3816,4.793,0.479820191860199,1.17928326129913,0.504130780696869,0.440305948257446,0.394096165895462,0.0729755461215973,4.96199989318848,0.425,1.228,0.539,0.526,0.302,0.078,4.88,0.446,1.226,0.677,0.439,0.285,0.089,4.913,7.925357342,0.785512447,63.77917862,0.797565043,0.154168829,0.738099158,5.137199879,8.12,0.774,64.233,0.782,0.152,0.727,5.269,0.984,0.784,0.499,0.519,0.237,0.13,5.377
Ethiopia,0.19073,0.60406,0.44055,0.4345,0.15048,0.24325,4.512,0.29283,0.37932,0.34578,0.36703,0.1717,0.29522,4.508,0.339233845472336,0.86466920375824,0.353409707546234,0.408842742443085,0.312650740146637,0.165455713868141,4.46000003814697,0.308,0.95,0.391,0.452,0.22,0.146,4.35,0.336,1.033,0.532,0.344,0.209,0.1,4.286,7.509385586,0.743307352,58.63959122,0.740795195,0.043377332,0.753690004,4.186200142,7.694,0.764,59,0.752,0.082,0.761,4.275,0.788,0.809,0.457,0.472,0.205,0.136,4.241
Sierra Leone,0.33024,0.95571,0,0.4084,0.08786,0.21488,4.507,0.36485,0.628,0,0.30685,0.08196,0.23897,4.635,0.36842092871666,0.984136044979095,0.0055647538974881,0.318697690963745,0.293040901422501,0.0710951760411263,4.70900011062622,0.256,0.813,0,0.355,0.238,0.053,4.571,0.268,0.841,0.242,0.309,0.252,0.045,4.374,7.26880312,0.636142015,50.86514282,0.715315044,0.088660747,0.861330688,3.926399946,7.434,0.63,51.651,0.717,0.084,0.866,3.849,0.686,0.416,0.273,0.387,0.202,0.055,3.574
Mauritania,0.45407,0.86908,0.35874,0.24232,0.17461,0.219,4.436,0.61391,0.84142,0.28639,0.1268,0.17955,0.22686,4.201,0.648457288742065,1.2720308303833,0.285349279642105,0.0960980430245399,0.201870024204254,0.136957004666328,4.29199981689453,0.557,1.245,0.292,0.129,0.134,0.093,4.356,0.57,1.167,0.489,0.066,0.106,0.088,4.49,8.233919144,0.790819228,57.01017761,0.551522553,-0.106008142,0.746223509,4.374599934,8.542,0.795,57.161,0.561,-0.106,0.731,4.227,NaN,NaN,NaN,NaN,NaN,NaN,NaN
Kenya,0.36471,0.99876,0.41435,0.42215,0.05839,0.37542,4.419,0.52267,0.7624,0.30147,0.40576,0.06686,0.41328,4.356,0.560479462146759,1.06795072555542,0.309988349676132,0.452763766050339,0.444860309362411,0.0646413192152977,4.55299997329712,0.493,1.048,0.454,0.504,0.352,0.055,4.41,0.512,0.983,0.581,0.431,0.372,0.053,4.509,8.02977562,0.702652037,60.09693146,0.829747558,0.294681519,0.831499159,4.583000183,8.361,0.688,60.704,0.779,0.287,0.825,4.607,1.032,0.605,0.401,0.44,0.322,0.082,4.543
Armenia,0.76821,0.77711,0.7299,0.19847,0.039,0.07855,4.35,0.86086,0.62477,0.64083,0.14037,0.03616,0.07793,4.36,0.900596737861633,1.00748372077942,0.637524425983429,0.198303267359734,0.0834880918264389,0.0266744215041399,4.37599992752075,0.816,0.99,0.666,0.26,0.077,0.028,4.321,0.85,1.055,0.815,0.283,0.095,0.064,4.559,9.100476265,0.757479429,66.75065613,0.712017834,-0.13877961,0.773544788,4.676799774,9.487,0.799,67.055,0.825,-0.168,0.629,5.283,1.434,0.82,0.668,0.558,0.054,0.21,5.399
Botswana,0.99355,1.10464,0.04776,0.49495,0.12474,0.10461,4.332,1.09426,0.89186,0.34752,0.44089,0.10769,0.12425,3.974,1.12209415435791,1.22155499458313,0.341755509376526,0.505196332931519,0.0993484482169151,0.0985831990838051,3.76600003242493,1.017,1.174,0.417,0.557,0.042,0.092,3.59,1.041,1.145,0.538,0.455,0.025,0.1,3.488,9.711203575,0.779121757,58.92445374,0.821328104,-0.250394493,0.777930915,3.478899956,9.782,0.784,59.269,0.824,-0.246,0.801,3.467,NaN,NaN,NaN,NaN,NaN,NaN,NaN
Myanmar,0.27108,0.70905,0.48246,0.44017,0.19034,0.79588,4.307,0.34112,0.69981,0.3988,0.42692,0.20243,0.81971,4.395,0.367110550403595,1.12323594093323,0.397522568702698,0.514492034912109,0.838075160980225,0.188816204667091,4.54500007629395,0.682,1.174,0.429,0.58,0.598,0.178,4.308,0.71,1.181,0.555,0.525,0.566,0.172,4.36,8.680481911,0.78440702,58.96171188,0.895075202,0.560663998,0.645124316,4.308000088,8.541,0.779,59.302,0.876,0.509,0.66,4.426,1.038,0.829,0.491,0.513,0.452,0.194,4.394
Georgia,0.7419,0.38562,0.72926,0.40577,0.38331,0.05547,4.297,0.83792,0.19249,0.64035,0.32461,0.3188,0.06786,4.252,0.950612664222717,0.57061493396759,0.649546980857849,0.309410035610199,0.0540088154375553,0.251666635274887,4.28599977493286,0.853,0.592,0.643,0.375,0.038,0.215,4.34,0.886,0.666,0.752,0.346,0.043,0.164,4.519,9.226100922,0.629033029,64.49520874,0.801641524,-0.22892037,0.665944695,4.672599792,9.585,0.671,64.3,0.783,-0.238,0.655,4.891,1.467,0.612,0.595,0.508,0,0.208,4.973
Malawi,0.01604,0.41134,0.22562,0.43054,0.06977,0.33128,4.292,0.08709,0.147,0.29364,0.4143,0.07564,0.30968,4.156,0.233442038297653,0.512568831443787,0.315089583396912,0.466914653778076,0.287170469760895,0.0727116540074348,3.97000002861023,0.186,0.541,0.306,0.531,0.21,0.08,3.587,0.191,0.56,0.495,0.443,0.218,0.089,3.41,7.062226295,0.544007301,57.59288788,0.803223193,0.021433279,0.731700778,3.538000107,6.958,0.537,57.948,0.78,0.038,0.729,3.6,0.648,0.279,0.388,0.477,0.14,0.157,3.75
Sri Lanka,0.83524,1.01905,0.70806,0.53726,0.09179,0.40828,4.271,0.97318,0.84783,0.62007,0.50817,0.07964,0.46978,4.415,1.00985014438629,1.25997638702393,0.625130832195282,0.561213254928589,0.490863561630249,0.0736539661884308,4.44000005722046,0.918,1.314,0.672,0.585,0.307,0.05,4.471,0.949,1.265,0.831,0.47,0.244,0.047,4.366,9.389969826,0.825374067,67.20006561,0.837633669,0.081129618,0.859001756,4.327000141,9.47,0.827,67.299,0.841,0.079,0.863,4.325,1.415,0.934,0.66,0.529,0.15,0.079,4.362
Cameroon,0.4225,0.88767,0.23402,0.49309,0.05786,0.20618,4.252,0.52497,0.62542,0.12698,0.42736,0.06126,0.2268,4.513,0.564305365085602,0.946018218994141,0.132892116904259,0.430388748645782,0.236298456788063,0.0513066314160824,4.69500017166138,0.535,0.891,0.182,0.454,0.183,0.043,4.975,0.549,0.91,0.331,0.381,0.187,0.037,5.044,8.118647575,0.700386405,52.7049408,0.763051808,-0.00149645,0.851336598,5.084899902,8.189,0.71,53.515,0.731,0.026,0.848,5.142,0.968,0.672,0.317,0.397,0.152,0.074,5.048
Bulgaria,1.01216,1.10614,0.76649,0.30587,0.00872,0.11921,4.218,1.11306,0.92542,0.67806,0.21219,0.00615,0.12793,4.217,1.1614590883255,1.43437945842743,0.708217680454254,0.289231717586517,0.113177694380283,0.0110515309497714,4.71400022506714,1.054,1.515,0.712,0.359,0.064,0.009,4.933,1.092,1.513,0.815,0.311,0.081,0.004,5.011,9.869318962,0.937840343,66.80397797,0.745178163,-0.143908441,0.935585141,5.101500034,10.016,0.931,67,0.788,-0.096,0.932,5.266,1.625,1.163,0.64,0.563,0.123,0.021,5.371
Egypt,0.8818,0.747,0.61712,0.17288,0.06324,0.11291,4.194,0.95395,0.49813,0.52116,0.18847,0.10393,0.12706,4.362,0.989701807498932,0.997471392154694,0.520187258720398,0.282110154628754,0.128631442785263,0.114381365478039,4.7350001335144,0.885,1.025,0.553,0.312,0.092,0.107,4.419,0.913,1.039,0.644,0.241,0.076,0.067,4.166,9.316541672,0.735447824,61.78015137,0.708354175,-0.196878314,0.787726879,4.151400089,9.367,0.75,61.998,0.749,-0.182,0.795,4.283,1.388,0.732,0.548,0.469,0.041,0.254,4.288
Yemen,0.54649,0.68093,0.40064,0.35571,0.07854,0.09131,4.077,0.57939,0.47493,0.31048,0.2287,0.05892,0.09821,3.724,0.591683447360992,0.93538224697113,0.310080915689468,0.249463722109795,0.104125209152699,0.0567674227058887,3.59299993515015,0.442,1.073,0.343,0.244,0.083,0.064,3.355,0.287,1.163,0.463,0.143,0.108,0.077,3.38,7.759682655,0.817980587,56.72728348,0.599920273,-0.157735437,0.800287724,3.527400017,7.578,0.832,57.122,0.602,-0.147,0.8,3.658,NaN,NaN,NaN,NaN,NaN,NaN,NaN
Angola,0.75778,0.8604,0.16683,0.10384,0.07122,0.12344,4.033,0.84731,0.66366,0.04991,0.00589,0.08434,0.12071,3.866,0.858428180217743,1.10441195964813,0.0498686656355858,0,0.097926490008831,0.0697203353047371,3.79500007629395,0.73,1.125,0.269,0,0.079,0.061,3.795,NaN,NaN,NaN,NaN,NaN,NaN,NaN,NaN,NaN,NaN,NaN,NaN,NaN,NaN,NaN,NaN,NaN,NaN,NaN,NaN,NaN,NaN,NaN,NaN,NaN,NaN,NaN,NaN
Mali,0.26074,1.03526,0.20583,0.38857,0.12352,0.18798,3.995,0.31292,0.86333,0.16347,0.27544,0.13647,0.21064,4.073,0.476180493831635,1.28147339820862,0.169365674257278,0.306613743305206,0.183354198932648,0.104970246553421,4.19000005722046,0.37,1.233,0.152,0.367,0.139,0.056,4.447,0.385,1.105,0.308,0.327,0.153,0.052,4.39,7.629852295,0.731468976,51.72698212,0.71156615,-0.044366926,0.839328408,4.729300022,7.744,0.724,51.969,0.697,-0.036,0.827,4.723,0.792,0.483,0.311,0.35,0.128,0.042,4.479
Congo (Brazzaville),0.67866,0.6629,0.31051,0.41466,0.11686,0.12388,3.989,0.77109,0.47799,0.28212,0.37938,0.09753,0.12077,4.236,0.808964252471924,0.832044363021851,0.28995743393898,0.435025870800018,0.120852127671242,0.0796181336045265,4.29099988937378,0.682,0.811,0.343,0.514,0.091,0.077,4.559,0.673,0.799,0.508,0.372,0.105,0.093,4.812,8.536987305,0.640228093,57.92448044,0.719058514,-0.123674095,0.751779079,5.194399834,8.117,0.636,58.221,0.695,-0.068,0.745,5.342,NaN,NaN,NaN,NaN,NaN,NaN,NaN
Comoros,0.23906,0.79273,0.36315,0.22917,0.199,0.17441,3.956,0.27509,0.60323,0.29981,0.15412,0.18437,0.1827,3.956,NaN,NaN,NaN,NaN,NaN,NaN,NaN,NaN,NaN,NaN,NaN,NaN,NaN,NaN,0.274,0.757,0.505,0.142,0.275,0.078,3.973,7.833630085,0.625662446,57.34901047,0.547612607,0.090008408,0.780622602,4.288599968,8.031,0.626,57.349,0.548,0.082,0.781,4.289,NaN,NaN,NaN,NaN,NaN,NaN,NaN
Uganda,0.21102,1.13299,0.33861,0.45727,0.07267,0.29066,3.931,0.34719,0.90981,0.19625,0.43653,0.06442,0.27102,3.739,0.381430715322495,1.12982773780823,0.217632606625557,0.443185955286026,0.325766056776047,0.057069718837738,4.08099985122681,0.322,1.09,0.237,0.45,0.259,0.061,4.161,0.332,1.069,0.443,0.356,0.252,0.06,4.189,7.500389576,0.764994621,55.70820236,0.731713951,0.099487431,0.836737812,4.43200016,7.677,0.781,56.101,0.709,0.122,0.855,4.636,0.777,0.875,0.418,0.402,0.222,0.066,4.603
Senegal,0.36498,0.97619,0.4354,0.36772,0.10713,0.20843,3.904,0.44314,0.77416,0.40457,0.31056,0.11681,0.19103,4.219,0.479309022426605,1.17969191074371,0.409362852573395,0.377922266721725,0.183468893170357,0.115460447967052,4.53499984741211,0.429,1.117,0.433,0.406,0.138,0.082,4.631,0.45,1.134,0.571,0.292,0.153,0.072,4.681,8.118982315,0.723616004,59.59915161,0.690596163,-0.052335154,0.808785141,4.980800152,8.118,0.71,59.802,0.695,-0.046,0.801,5.132,0.933,0.53,0.447,0.494,0.143,0.081,5.046
Gabon,1.06024,0.90528,0.43372,0.31914,0.11091,0.06822,3.896,1.15851,0.72368,0.3494,0.28098,0.09314,0.06244,4.121,1.1982102394104,1.1556202173233,0.356578588485718,0.312328577041626,0.0437853783369064,0.0760467872023582,4.46500015258789,1.036,1.164,0.404,0.356,0.032,0.052,4.758,1.057,1.183,0.571,0.295,0.043,0.055,4.799,9.680537224,0.787886858,59.71533966,0.704829216,-0.222261623,0.849150956,4.829299927,9.603,0.776,59.962,0.731,-0.2,0.84,4.852,1.459,0.738,0.396,0.343,0.032,0.099,4.958
Niger,0.0694,0.77265,0.29707,0.47692,0.15639,0.19387,3.845,0.1327,0.6053,0.26162,0.38041,0.17176,0.2097,3.856,0.161925330758095,0.993025004863739,0.26850500702858,0.36365869641304,0.228673845529556,0.138572946190834,4.02799987792969,0.131,0.867,0.221,0.39,0.175,0.099,4.166,0.138,0.774,0.366,0.318,0.188,0.102,4.628,6.842166901,0.617435038,53.50009537,0.759772122,0.013860817,0.722530186,4.909599781,7.098,0.641,53.78,0.806,0.018,0.693,5.074,NaN,NaN,NaN,NaN,NaN,NaN,NaN
Cambodia,0.46038,0.62736,0.61114,0.66246,0.07247,0.40359,3.819,0.55604,0.5375,0.42494,0.58852,0.08092,0.40339,3.907,0.601765096187592,1.00623834133148,0.429783403873444,0.633375823497772,0.385922968387604,0.0681059509515762,4.16800022125244,0.549,1.088,0.457,0.696,0.256,0.065,4.433,0.574,1.122,0.637,0.609,0.232,0.062,4.7,8.249890327,0.773080647,61.52996826,0.959704638,0.051911179,0.822769046,4.848400116,8.36,0.765,62,0.959,0.034,0.843,4.83,1.019,0.732,0.505,0.74,0.166,0.068,4.64
Tanzania,0.2852,1.00268,0.38215,0.32878,0.05747,0.34377,3.781,0.47155,0.77623,0.357,0.3176,0.05099,0.31472,3.666,0.511135876178741,1.04198980331421,0.364509284496307,0.390017777681351,0.354256361722946,0.0660351067781448,3.34899997711182,0.455,0.991,0.381,0.481,0.27,0.097,3.303,0.476,0.885,0.499,0.417,0.276,0.147,3.231,7.967665195,0.688933194,57.49607468,0.82153976,0.109668687,0.619799435,3.476200104,7.876,0.702,57.999,0.833,0.183,0.577,3.623,0.848,0.597,0.425,0.578,0.248,0.27,3.702
Madagascar,0.20824,0.66801,0.46721,0.19184,0.08124,0.21333,3.681,0.27954,0.46115,0.37109,0.13684,0.07506,0.2204,3.695,0.305808693170547,0.913020372390747,0.375223308801651,0.189196765422821,0.208732530474663,0.0672319754958153,3.64400005340576,0.262,0.908,0.402,0.221,0.155,0.049,3.774,0.274,0.916,0.555,0.148,0.169,0.041,3.933,7.281685829,0.668195903,59.10542679,0.557574093,-0.011823639,0.817485631,4.165599823,7.396,0.686,59.305,0.552,-0.005,0.803,4.208,NaN,NaN,NaN,NaN,NaN,NaN,NaN
Central African Republic,0.0785,0,0.06699,0.48879,0.08289,0.23835,3.678,NaN,NaN,NaN,NaN,NaN,NaN,NaN,0,0,0.0187726859003305,0.270842045545578,0.280876487493515,0.0565650761127472,2.69300007820129,0.024,0,0.01,0.305,0.218,0.038,3.083,0.026,0,0.105,0.225,0.235,0.035,3.083,6.625160217,0.319459856,45.20000076,0.640880644,0.082410358,0.891806662,3.475899935,NaN,NaN,NaN,NaN,NaN,NaN,NaN,NaN,NaN,NaN,NaN,NaN,NaN,NaN
Chad,0.34193,0.76062,0.1501,0.23501,0.05269,0.18386,3.667,0.42214,0.63178,0.03824,0.12807,0.04952,0.18667,3.763,0.438012987375259,0.953855872154236,0.0411347150802612,0.16234202682972,0.216113850474358,0.0535818822681904,3.93600010871887,0.358,0.907,0.053,0.189,0.181,0.06,4.301,0.35,0.766,0.192,0.174,0.198,0.078,4.35,7.467963696,0.632388055,48.22053909,0.587305248,0.017834719,0.802760839,4.422699928,7.364,0.619,48.478,0.579,0.041,0.807,4.355,NaN,NaN,NaN,NaN,NaN,NaN,NaN
Guinea,0.17417,0.46475,0.24009,0.37725,0.12139,0.28657,3.656,0.22415,0.3109,0.18829,0.30953,0.1192,0.29914,3.607,0.244549930095673,0.791244685649872,0.194129139184952,0.348587512969971,0.264815092086792,0.110937617719173,3.50699996948242,0.344,0.792,0.211,0.394,0.185,0.094,3.964,0.38,0.829,0.375,0.332,0.207,0.086,4.534,7.750990391,0.637573481,54.46780014,0.706846774,0.076328471,0.761794448,4.949299812,7.838,0.639,55.008,0.697,0.095,0.766,4.984,0.848,0.566,0.275,0.334,0.214,0.116,4.891
Ivory Coast,0.46534,0.77115,0.15185,0.46866,0.17922,0.20165,3.655,0.55507,0.57576,0.04476,0.40663,0.1553,0.20338,3.916,0.603048920631409,0.904780030250549,0.0486421696841717,0.447706192731857,0.201237469911575,0.130061775445938,4.17999982833862,0.541,0.872,0.08,0.467,0.146,0.103,4.671,0.569,0.808,0.232,0.352,0.154,0.09,4.944,8.225561142,0.658048689,49.50377274,0.727909327,-0.043991156,0.790771961,5.233300209,8.551,0.644,50.114,0.741,-0.016,0.794,5.306,1.094,0.442,0.322,0.451,0.149,0.124,5.235
Burkina Faso,0.25812,0.85188,0.27125,0.39493,0.12832,0.21747,3.587,0.31995,0.63054,0.21297,0.3337,0.12533,0.24353,3.739,0.3502277135849,1.04328000545502,0.215844258666039,0.324367851018906,0.250864684581757,0.120328105986118,4.03200006484985,0.314,1.097,0.254,0.312,0.175,0.128,4.424,0.331,1.056,0.38,0.255,0.177,0.113,4.587,7.46854496,0.712943614,53.88945389,0.665563583,-0.019080516,0.739795029,4.768700123,7.678,0.672,54.151,0.695,-0.009,0.748,4.834,0.779,0.565,0.32,0.382,0.186,0.126,4.67
Afghanistan,0.31982,0.30285,0.30335,0.23414,0.09719,0.3651,3.575,0.38227,0.11037,0.17344,0.1643,0.07112,0.31268,3.36,0.401477217674255,0.581543326377869,0.180746778845787,0.106179520487785,0.311870932579041,0.0611578300595284,3.79399991035461,0.332,0.537,0.255,0.085,0.191,0.036,3.632,0.35,0.517,0.361,0,0.158,0.025,3.203,7.462860584,0.470366955,52.59000015,0.396573007,-0.0964294,0.933686554,2.566900015,7.695,0.463,52.493,0.382,-0.102,0.924,2.523,0.758,0,0.289,0,0.089,0.005,2.404
Rwanda,0.22208,0.7737,0.42864,0.59201,0.55191,0.22628,3.465,0.32846,0.61586,0.31865,0.5432,0.50521,0.23552,3.515,0.368745893239975,0.945707023143768,0.326424807310104,0.581843852996826,0.252756029367447,0.455220013856888,3.47099995613098,0.332,0.896,0.4,0.636,0.2,0.444,3.408,0.359,0.711,0.614,0.555,0.217,0.411,3.334,7.600104332,0.54083544,61.09884644,0.900589406,0.055483952,0.183541179,3.312299967,7.676,0.552,61.4,0.897,0.061,0.167,3.415,NaN,NaN,NaN,NaN,NaN,NaN,NaN
Benin,0.28665,0.35386,0.3191,0.4845,0.0801,0.1826,3.34,0.39499,0.10419,0.21028,0.39747,0.06681,0.2018,3.484,0.431085407733917,0.435299843549728,0.209930211305618,0.425962775945663,0.207948461174965,0.0609290152788162,3.65700006484985,0.378,0.372,0.24,0.44,0.163,0.067,4.141,0.393,0.437,0.397,0.349,0.175,0.082,4.883,7.674319744,0.468671143,54.31246567,0.735182583,-0.003537213,0.740532577,5.21600008,8.087,0.489,54.713,0.757,-0.034,0.661,5.045,0.932,0.064,0.335,0.479,0.127,0.23,4.623
Syria,0.6632,0.47489,0.72193,0.15684,0.18906,0.47179,3.006,0.74719,0.14866,0.62994,0.06912,0.17233,0.48397,3.069,0.777153134346008,0.396102607250214,0.50053334236145,0.0815394446253777,0.493663728237152,0.151347130537033,3.46199989318848,0.689,0.382,0.539,0.088,0.376,0.144,3.462,0.619,0.378,0.44,0.013,0.331,0.141,3.462,NaN,NaN,NaN,NaN,NaN,NaN,NaN,NaN,NaN,NaN,NaN,NaN,NaN,NaN,NaN,NaN,NaN,NaN,NaN,NaN,NaN
Burundi,0.0153,0.41587,0.22396,0.1185,0.10062,0.19727,2.905,0.06831,0.23442,0.15747,0.0432,0.09419,0.2029,2.905,0.091622568666935,0.629793584346771,0.151610791683197,0.0599007532000542,0.204435184597969,0.0841479450464249,2.90499997138977,0.091,0.627,0.145,0.065,0.149,0.076,2.905,0.046,0.447,0.38,0.22,0.176,0.18,3.775,6.492642403,0.490325719,53.40000153,0.626350224,-0.017551597,0.606934547,3.775300026,6.635,0.49,53.4,0.626,-0.024,0.607,3.775,NaN,NaN,NaN,NaN,NaN,NaN,NaN
Togo,0.20868,0.13995,0.28443,0.36453,0.10731,0.16681,2.839,0.28123,0,0.24811,0.34678,0.11587,0.17517,3.303,0.305444717407227,0.431882530450821,0.247105568647385,0.38042613863945,0.196896150708199,0.0956650152802467,3.49499988555908,0.259,0.474,0.253,0.434,0.158,0.101,3.999,0.275,0.572,0.41,0.293,0.177,0.085,4.085,7.357711315,0.551312625,54.71989822,0.649828613,0.002667875,0.757733464,4.187200069,7.362,0.569,54.914,0.619,0.032,0.772,4.107,0.771,0.322,0.36,0.292,0.174,0.132,4.112
Belize,NaN,NaN,NaN,NaN,NaN,NaN,NaN,0.87616,0.68655,0.45569,0.51231,0.10771,0.23684,5.956,0.907975316047668,1.08141779899597,0.450191766023636,0.547509372234344,0.240015640854836,0.0965810716152191,5.95599985122681,0.807,1.101,0.474,0.593,0.183,0.089,5.956,NaN,NaN,NaN,NaN,NaN,NaN,NaN,NaN,NaN,NaN,NaN,NaN,NaN,NaN,NaN,NaN,NaN,NaN,NaN,NaN,NaN,NaN,NaN,NaN,NaN,NaN,NaN,NaN
Somalia,NaN,NaN,NaN,NaN,NaN,NaN,NaN,0,0.33613,0.11466,0.56778,0.3118,0.27225,5.44,0.0226431842893362,0.721151351928711,0.113989137113094,0.602126955986023,0.291631311178207,0.282410323619843,5.15100002288818,0,0.712,0.115,0.674,0.238,0.282,4.982,0,0.698,0.268,0.559,0.243,0.27,4.668,NaN,NaN,NaN,NaN,NaN,NaN,NaN,NaN,NaN,NaN,NaN,NaN,NaN,NaN,NaN,NaN,NaN,NaN,NaN,NaN,NaN
Namibia,NaN,NaN,NaN,NaN,NaN,NaN,NaN,0.93287,0.70362,0.34745,0.48614,0.10398,0.07795,4.574,0.964434325695038,1.0984708070755,0.33861181139946,0.520303547382355,0.0771337449550629,0.0931469723582268,4.57399988174438,0.874,1.281,0.365,0.519,0.051,0.064,4.441,0.879,1.313,0.477,0.401,0.07,0.056,4.639,9.203141212,0.846880972,56.50148773,0.767520964,-0.18530646,0.851449788,4.571100235,9.161,0.818,56.799,0.719,-0.149,0.847,4.574,1.292,0.877,0.354,0.384,0.067,0.071,4.459
South Sudan,NaN,NaN,NaN,NaN,NaN,NaN,NaN,0.39394,0.18519,0.15781,0.19662,0.13015,0.25899,3.832,0.39724862575531,0.601323127746582,0.163486003875732,0.147062435746193,0.285670816898346,0.116793513298035,3.59100008010864,0.337,0.608,0.177,0.112,0.224,0.106,3.254,0.306,0.575,0.295,0.01,0.202,0.091,2.853,7.425359726,0.553707123,51,0.451313615,0.016518548,0.763417304,2.816600084,NaN,NaN,NaN,NaN,NaN,NaN,NaN,NaN,NaN,NaN,NaN,NaN,NaN,NaN
Taiwan Province of China,NaN,NaN,NaN,NaN,NaN,NaN,NaN,NaN,NaN,NaN,NaN,NaN,NaN,NaN,1.43362653255463,1.38456535339355,0.793984234333038,0.361466586589813,0.258360475301743,0.0638292357325554,6.42199993133545,NaN,NaN,NaN,NaN,NaN,NaN,NaN,NaN,NaN,NaN,NaN,NaN,NaN,NaN,10.77568531,0.894309103,69.59999847,0.77153033,-0.073198698,0.73188293,6.45539999,10.871,0.898,69.6,0.784,-0.07,0.721,6.584,1.897,1.095,0.733,0.542,0.075,0.168,6.512
North Macedonia,NaN,NaN,NaN,NaN,NaN,NaN,NaN,NaN,NaN,NaN,NaN,NaN,NaN,NaN,NaN,NaN,NaN,NaN,NaN,NaN,NaN,NaN,NaN,NaN,NaN,NaN,NaN,NaN,0.983,1.294,0.838,0.345,0.185,0.034,5.274,NaN,NaN,NaN,NaN,NaN,NaN,NaN,9.693,0.805,65.474,0.751,0.038,0.905,5.101,1.505,0.863,0.637,0.488,0.215,0.031,5.199
Gambia,NaN,NaN,NaN,NaN,NaN,NaN,NaN,NaN,NaN,NaN,NaN,NaN,NaN,NaN,NaN,NaN,NaN,NaN,NaN,NaN,NaN,NaN,NaN,NaN,NaN,NaN,NaN,NaN,0.308,0.939,0.428,0.382,0.269,0.167,4.516,7.321814537,0.6931687,55.0120163,0.733163178,0.343198717,0.690717816,4.750599861,7.686,0.69,55.16,0.697,0.424,0.746,5.051,NaN,NaN,NaN,NaN,NaN,NaN,NaN
Hong Kong S.A.R. of China,NaN,NaN,NaN,NaN,NaN,NaN,NaN,NaN,NaN,NaN,NaN,NaN,NaN,NaN,NaN,NaN,NaN,NaN,NaN,NaN,NaN,NaN,NaN,NaN,NaN,NaN,NaN,NaN,NaN,NaN,NaN,NaN,NaN,NaN,NaN,10.9346714,0.845969081,76.77170563,0.779833794,0.134979904,0.420607209,5.510399818,11,0.836,76.82,0.717,0.067,0.403,5.477,1.957,0.954,0.942,0.4,0.147,0.383,5.425
